Week,Agegroup,Tested positive,Total tested,Group,Agerange,Percentage
202028,0 - 6,25,7033,Kinderen,0 - 12,0.355
202028,7 - 12,50,19446,Basisschool,0 - 12,0.257
202028,13 - 18,97,8661,Pubers,13 - 24,1.12
202030,0 - 6,5,898,Kinderen,0 - 12,0.557
202030,7 - 12,23,6221,Basisschool,0 - 12,0.37
202030,13 - 18,61,4864,Pubers,13 - 24,1.254
202031,0 - 6,5,936,Kinderen,0 - 12,0.534
202031,7 - 12,21,5099,Basisschool,0 - 12,0.412
202031,13 - 18,92,6320,Pubers,13 - 24,1.456
202032,0 - 6,3,394,Kinderen,0 - 12,0.761
202032,7 - 12,17,1510,Basisschool,0 - 12,1.126
202032,13 - 18,68,3586,Pubers,13 - 24,1.896
202033,0 - 6,5,443,Kinderen,0 - 12,1.129
202033,7 - 12,46,1712,Basisschool,0 - 12,2.687
202033,13 - 18,148,4135,Pubers,13 - 24,3.579
202034,0 - 6,7,538,Kinderen,0 - 12,1.301
202034,7 - 12,34,2602,Basisschool,0 - 12,1.307
202034,13 - 18,176,7172,Pubers,13 - 24,2.454
202035,0 - 6,10,730,Kinderen,0 - 12,1.37
202035,7 - 12,36,4491,Basisschool,0 - 12,0.802
202035,13 - 18,163,8210,Pubers,13 - 24,1.985
202036,0 - 6,8,947,Kinderen,0 - 12,0.845
202036,7 - 12,33,6621,Basisschool,0 - 12,0.498
202036,13 - 18,158,10201,Pubers,13 - 24,1.549
202037,0 - 6,97,12863,Kinderen,0 - 12,0.754
202037,7 - 12,343,57109,Basisschool,0 - 12,0.601
202037,13 - 18,1367,76340,Pubers,13 - 24,1.791
202038,0 - 6,18,1214,Kinderen,0 - 12,1.483
202038,7 - 12,142,12720,Basisschool,0 - 12,1.116
202038,13 - 18,421,21639,Pubers,13 - 24,1.946
202039,0 - 6,11,829,Kinderen,0 - 12,1.327
202039,7 - 12,180,10010,Basisschool,0 - 12,1.798
202039,13 - 18,689,22762,Pubers,13 - 24,3.027
202040,0 - 4,53,4246,Kinderen,0 - 12,1.248
202040,5 - 9,204,19003,Basisschool,0 - 12,1.074
202040,10 - 14,791,52336,Basisschool,groep 7/8 + brugklas,1.511
202040,15 - 19,3140,86682,Pubers,13 - 24,3.622
202040,20 - 24,5318,109095,Jongvolwassenen,13 - 24,4.875
202040,25 - 29,3845,113313,Jongvolwassenen,25 - 39,3.393
202040,30 - 34,2892,121972,Volwassenen,25 - 39,2.371
202040,35 - 39,2317,109946,Volwassenen,25 - 39,2.107
202040,40 - 44,2102,88322,Volwassenen,40 - 49,2.38
202040,45 - 49,2260,73872,Volwassenen,40 - 49,3.059
202040,50 - 54,2414,67547,Volwassenen,50 - 59,3.574
202040,55 - 59,1798,61039,Volwassenen,50 - 59,2.946
202040,60 - 64,1242,53519,Volwassenen,60 - 69,2.321
202040,65 - 69,675,37343,Volwassenen,60 - 69,1.808
202040,70 - 74,472,25448,70 en ouder,70 en ouder,1.855
202040,75 - 79,237,13223,70 en ouder,70 en ouder,1.792
202040,80 - 84,146,7015,70 en ouder,70 en ouder,2.081
202040,85 - 89,76,2966,70 en ouder,70 en ouder,2.562
202040,90 - 94,28,987,70 en ouder,70 en ouder,2.837
202040,95 en ouder,5,192,95 en ouder,70 en ouder,2.604
202041,0 - 4,59,4312,Kinderen,0 - 12,1.368
202041,5 - 9,226,19202,Basisschool,0 - 12,1.177
202041,10 - 14,993,56469,Basisschool,groep 7/8 + brugklas,1.758
202041,15 - 19,4005,97357,Pubers,13 - 24,4.114
202041,20 - 24,6589,119737,Jongvolwassenen,13 - 24,5.503
202041,25 - 29,4747,123059,Jongvolwassenen,25 - 39,3.857
202041,30 - 34,3523,131536,Volwassenen,25 - 39,2.678
202041,35 - 39,2877,118785,Volwassenen,25 - 39,2.422
202041,40 - 44,2693,96234,Volwassenen,40 - 49,2.798
202041,45 - 49,2920,81424,Volwassenen,40 - 49,3.586
202041,50 - 54,3122,74425,Volwassenen,50 - 59,4.195
202041,55 - 59,2331,66538,Volwassenen,50 - 59,3.503
202041,60 - 64,1609,57745,Volwassenen,60 - 69,2.786
202041,65 - 69,891,39926,Volwassenen,60 - 69,2.232
202041,70 - 74,627,27080,70 en ouder,70 en ouder,2.315
202041,75 - 79,317,13997,70 en ouder,70 en ouder,2.265
202041,80 - 84,192,7431,70 en ouder,70 en ouder,2.584
202041,85 - 89,100,3185,70 en ouder,70 en ouder,3.14
202041,90 - 94,41,1058,70 en ouder,70 en ouder,3.875
202041,95 en ouder,9,215,95 en ouder,70 en ouder,4.186
202042,0 - 4,75,4453,Kinderen,0 - 12,1.684
202042,5 - 9,305,19728,Basisschool,0 - 12,1.546
202042,10 - 14,1693,64010,Basisschool,groep 7/8 + brugklas,2.645
202042,15 - 19,6421,117602,Pubers,13 - 24,5.46
202042,20 - 24,9688,140878,Jongvolwassenen,13 - 24,6.877
202042,25 - 29,7150,143489,Jongvolwassenen,25 - 39,4.983
202042,30 - 34,5481,151804,Volwassenen,25 - 39,3.611
202042,35 - 39,4618,137288,Volwassenen,25 - 39,3.364
202042,40 - 44,4515,112622,Volwassenen,40 - 49,4.009
202042,45 - 49,4978,97113,Volwassenen,40 - 49,5.126
202042,50 - 54,5361,89455,Volwassenen,50 - 59,5.993
202042,55 - 59,4108,78874,Volwassenen,50 - 59,5.208
202042,60 - 64,2907,67668,Volwassenen,60 - 69,4.296
202042,65 - 69,1649,46208,Volwassenen,60 - 69,3.569
202042,70 - 74,1199,31302,70 en ouder,70 en ouder,3.83
202042,75 - 79,650,16098,70 en ouder,70 en ouder,4.038
202042,80 - 84,381,8611,70 en ouder,70 en ouder,4.425
202042,85 - 89,201,3740,70 en ouder,70 en ouder,5.374
202042,90 - 94,80,1266,70 en ouder,70 en ouder,6.319
202042,95 en ouder,30,325,95 en ouder,70 en ouder,9.231
202043,0 - 4,98,4629,Kinderen,0 - 12,2.117
202043,5 - 9,399,20404,Basisschool,0 - 12,1.955
202043,10 - 14,2357,68858,Basisschool,groep 7/8 + brugklas,3.423
202043,15 - 19,8535,131887,Pubers,13 - 24,6.471
202043,20 - 24,12346,159075,Jongvolwassenen,13 - 24,7.761
202043,25 - 29,9372,162503,Jongvolwassenen,25 - 39,5.767
202043,30 - 34,7455,171460,Volwassenen,25 - 39,4.348
202043,35 - 39,6362,154817,Volwassenen,25 - 39,4.109
202043,40 - 44,6348,127729,Volwassenen,40 - 49,4.97
202043,45 - 49,6997,110745,Volwassenen,40 - 49,6.318
202043,50 - 54,7501,102808,Volwassenen,50 - 59,7.296
202043,55 - 59,5829,90257,Volwassenen,50 - 59,6.458
202043,60 - 64,4086,76610,Volwassenen,60 - 69,5.334
202043,65 - 69,2491,52128,Volwassenen,60 - 69,4.779
202043,70 - 74,1809,35075,70 en ouder,70 en ouder,5.158
202043,75 - 79,957,17990,70 en ouder,70 en ouder,5.32
202043,80 - 84,572,9669,70 en ouder,70 en ouder,5.916
202043,85 - 89,285,4216,70 en ouder,70 en ouder,6.76
202043,90 - 94,112,1424,70 en ouder,70 en ouder,7.865
202043,95 en ouder,62,478,95 en ouder,70 en ouder,12.971
202044,0 - 4,126,4835,Kinderen,0 - 12,2.606
202044,5 - 9,546,21150,Basisschool,0 - 12,2.582
202044,10 - 14,3241,73052,Basisschool,groep 7/8 + brugklas,4.437
202044,15 - 19,11284,145140,Pubers,13 - 24,7.775
202044,20 - 24,15643,177427,Jongvolwassenen,13 - 24,8.817
202044,25 - 29,12192,181481,Jongvolwassenen,25 - 39,6.718
202044,30 - 34,10013,192023,Volwassenen,25 - 39,5.214
202044,35 - 39,8789,173361,Volwassenen,25 - 39,5.07
202044,40 - 44,8816,143359,Volwassenen,40 - 49,6.15
202044,45 - 49,9708,125063,Volwassenen,40 - 49,7.762
202044,50 - 54,10442,117405,Volwassenen,50 - 59,8.894
202044,55 - 59,8276,103145,Volwassenen,50 - 59,8.024
202044,60 - 64,5782,86898,Volwassenen,60 - 69,6.654
202044,65 - 69,3612,59118,Volwassenen,60 - 69,6.11
202044,70 - 74,2699,39609,70 en ouder,70 en ouder,6.814
202044,75 - 79,1486,20362,70 en ouder,70 en ouder,7.298
202044,80 - 84,894,11020,70 en ouder,70 en ouder,8.113
202044,85 - 89,463,4857,70 en ouder,70 en ouder,9.533
202044,90 - 94,170,1625,70 en ouder,70 en ouder,10.462
202044,95 en ouder,121,601,95 en ouder,70 en ouder,20.133
202045,0 - 4,145,5036,Kinderen,0 - 12,2.879
202045,5 - 9,678,21784,Basisschool,0 - 12,3.112
202045,10 - 14,4163,77766,Basisschool,groep 7/8 + brugklas,5.353
202045,15 - 19,13558,157700,Pubers,13 - 24,8.597
202045,20 - 24,18260,193246,Jongvolwassenen,13 - 24,9.449
202045,25 - 29,14300,198103,Jongvolwassenen,25 - 39,7.218
202045,30 - 34,12175,210092,Volwassenen,25 - 39,5.795
202045,35 - 39,10761,189507,Volwassenen,25 - 39,5.678
202045,40 - 44,10753,157133,Volwassenen,40 - 49,6.843
202045,45 - 49,12078,138018,Volwassenen,40 - 49,8.751
202045,50 - 54,12924,130149,Volwassenen,50 - 59,9.93
202045,55 - 59,10313,114195,Volwassenen,50 - 59,9.031
202045,60 - 64,7330,96014,Volwassenen,60 - 69,7.634
202045,65 - 69,4707,65326,Volwassenen,60 - 69,7.205
202045,70 - 74,3508,43751,70 en ouder,70 en ouder,8.018
202045,75 - 79,1982,22472,70 en ouder,70 en ouder,8.82
202045,80 - 84,1202,12160,70 en ouder,70 en ouder,9.885
202045,85 - 89,616,5430,70 en ouder,70 en ouder,11.344
202045,90 - 94,225,1856,70 en ouder,70 en ouder,12.123
202045,95 en ouder,172,723,95 en ouder,70 en ouder,23.79
202046,0 - 4,176,5260,Kinderen,0 - 12,3.346
202046,5 - 9,812,22533,Basisschool,0 - 12,3.604
202046,10 - 14,5012,83145,Basisschool,groep 7/8 + brugklas,6.028
202046,15 - 19,15527,170271,Pubers,13 - 24,9.119
202046,20 - 24,20416,209055,Jongvolwassenen,13 - 24,9.766
202046,25 - 29,16309,214977,Jongvolwassenen,25 - 39,7.586
202046,30 - 34,13952,228756,Volwassenen,25 - 39,6.099
202046,35 - 39,12430,206497,Volwassenen,25 - 39,6.019
202046,40 - 44,12438,171066,Volwassenen,40 - 49,7.271
202046,45 - 49,14078,150709,Volwassenen,40 - 49,9.341
202046,50 - 54,15009,142585,Volwassenen,50 - 59,10.526
202046,55 - 59,12090,125419,Volwassenen,50 - 59,9.64
202046,60 - 64,8611,105002,Volwassenen,60 - 69,8.201
202046,65 - 69,5590,71183,Volwassenen,60 - 69,7.853
202046,70 - 74,4189,47549,70 en ouder,70 en ouder,8.81
202046,75 - 79,2425,24545,70 en ouder,70 en ouder,9.88
202046,80 - 84,1470,13384,70 en ouder,70 en ouder,10.983
202046,85 - 89,748,6102,70 en ouder,70 en ouder,12.258
202046,90 - 94,275,2141,70 en ouder,70 en ouder,12.844
202046,95 en ouder,206,857,95 en ouder,70 en ouder,24.037
202047,0 - 4,196,5463,Kinderen,0 - 12,3.588
202047,5 - 9,950,23272,Basisschool,0 - 12,4.082
202047,10 - 14,5784,88210,Basisschool,groep 7/8 + brugklas,6.557
202047,15 - 19,17013,180407,Pubers,13 - 24,9.43
202047,20 - 24,21972,221004,Jongvolwassenen,13 - 24,9.942
202047,25 - 29,17692,228268,Jongvolwassenen,25 - 39,7.751
202047,30 - 34,15259,243708,Volwassenen,25 - 39,6.261
202047,35 - 39,13696,220660,Volwassenen,25 - 39,6.207
202047,40 - 44,13761,182619,Volwassenen,40 - 49,7.535
202047,45 - 49,15465,160539,Volwassenen,40 - 49,9.633
202047,50 - 54,16491,152168,Volwassenen,50 - 59,10.837
202047,55 - 59,13371,134184,Volwassenen,50 - 59,9.965
202047,60 - 64,9614,112237,Volwassenen,60 - 69,8.566
202047,65 - 69,6231,76044,Volwassenen,60 - 69,8.194
202047,70 - 74,4676,50663,70 en ouder,70 en ouder,9.23
202047,75 - 79,2743,26183,70 en ouder,70 en ouder,10.476
202047,80 - 84,1672,14387,70 en ouder,70 en ouder,11.622
202047,85 - 89,853,6572,70 en ouder,70 en ouder,12.979
202047,90 - 94,335,2343,70 en ouder,70 en ouder,14.298
202047,95 en ouder,250,974,95 en ouder,70 en ouder,25.667
202048,0 - 4,216,5667,Kinderen,0 - 12,3.812
202048,5 - 9,1106,24127,Basisschool,0 - 12,4.584
202048,10 - 14,6820,94874,Basisschool,groep 7/8 + brugklas,7.188
202048,15 - 19,18683,193151,Pubers,13 - 24,9.673
202048,20 - 24,23337,233418,Jongvolwassenen,13 - 24,9.998
202048,25 - 29,18914,241851,Jongvolwassenen,25 - 39,7.821
202048,30 - 34,16431,259559,Volwassenen,25 - 39,6.33
202048,35 - 39,14928,235713,Volwassenen,25 - 39,6.333
202048,40 - 44,15076,195766,Volwassenen,40 - 49,7.701
202048,45 - 49,16899,171772,Volwassenen,40 - 49,9.838
202048,50 - 54,17953,162734,Volwassenen,50 - 59,11.032
202048,55 - 59,14561,143750,Volwassenen,50 - 59,10.129
202048,60 - 64,10478,120413,Volwassenen,60 - 69,8.702
202048,65 - 69,6809,81689,Volwassenen,60 - 69,8.335
202048,70 - 74,5142,54204,70 en ouder,70 en ouder,9.486
202048,75 - 79,2998,27946,70 en ouder,70 en ouder,10.728
202048,80 - 84,1851,15411,70 en ouder,70 en ouder,12.011
202048,85 - 89,954,7075,70 en ouder,70 en ouder,13.484
202048,90 - 94,372,2509,70 en ouder,70 en ouder,14.827
202048,95 en ouder,271,1072,95 en ouder,70 en ouder,25.28
202049,0 - 4,476,12970,Kinderen,0 - 12,3.67
202049,5 - 9,2668,53846,Basisschool,0 - 12,4.955
202049,10 - 14,15499,218646,Basisschool,groep 7/8 + brugklas,7.089
202049,15 - 19,38166,387769,Pubers,13 - 24,9.842
202049,20 - 24,46096,429185,Jongvolwassenen,13 - 24,10.74
202049,25 - 29,38335,436676,Jongvolwassenen,25 - 39,8.779
202049,30 - 34,32862,464709,Volwassenen,25 - 39,7.072
202049,35 - 39,29195,427198,Volwassenen,25 - 39,6.834
202049,40 - 44,28908,356524,Volwassenen,40 - 49,8.108
202049,45 - 49,33063,313098,Volwassenen,40 - 49,10.56
202049,50 - 54,36783,300336,Volwassenen,50 - 59,12.247
202049,55 - 59,31370,265225,Volwassenen,50 - 59,11.828
202049,60 - 64,23018,225482,Volwassenen,60 - 69,10.208
202049,65 - 69,14746,158930,Volwassenen,60 - 69,9.278
202049,70 - 74,11207,110059,70 en ouder,70 en ouder,10.183
202049,75 - 79,6285,55805,70 en ouder,70 en ouder,11.262
202049,80 - 84,3775,30206,70 en ouder,70 en ouder,12.498
202049,85 - 89,1774,13153,70 en ouder,70 en ouder,13.487
202049,90 - 94,609,4187,70 en ouder,70 en ouder,14.545
202049,95 en ouder,541,1922,95 en ouder,70 en ouder,28.148
202050,0 - 4,76,633,Kinderen,0 - 12,12.006
202050,5 - 9,564,3200,Basisschool,0 - 12,17.625
202050,10 - 14,2939,22268,Basisschool,groep 7/8 + brugklas,13.198
202050,15 - 19,4443,35304,Pubers,13 - 24,12.585
202050,20 - 24,3205,28392,Jongvolwassenen,13 - 24,11.288
202050,25 - 29,2684,28203,Jongvolwassenen,25 - 39,9.517
202050,30 - 34,2608,31415,Volwassenen,25 - 39,8.302
202050,35 - 39,2420,29979,Volwassenen,25 - 39,8.072
202050,40 - 44,2734,26986,Volwassenen,40 - 49,10.131
202050,45 - 49,3175,24445,Volwassenen,40 - 49,12.988
202050,50 - 54,3406,22927,Volwassenen,50 - 59,14.856
202050,55 - 59,2872,19882,Volwassenen,50 - 59,14.445
202050,60 - 64,2127,17302,Volwassenen,60 - 69,12.293
202050,65 - 69,1513,12551,Volwassenen,60 - 69,12.055
202050,70 - 74,1083,8558,70 en ouder,70 en ouder,12.655
202050,75 - 79,665,4142,70 en ouder,70 en ouder,16.055
202050,80 - 84,419,2314,70 en ouder,70 en ouder,18.107
202050,85 - 89,206,1086,70 en ouder,70 en ouder,18.969
202050,90 - 94,77,381,70 en ouder,70 en ouder,20.21
202050,95 en ouder,11,74,95 en ouder,70 en ouder,14.865
202051,0 - 4,133,1054,Kinderen,0 - 12,12.619
202051,5 - 9,980,5342,Basisschool,0 - 12,18.345
202051,10 - 14,4528,32133,Basisschool,groep 7/8 + brugklas,14.091
202051,15 - 19,6261,47638,Pubers,13 - 24,13.143
202051,20 - 24,4182,36451,Jongvolwassenen,13 - 24,11.473
202051,25 - 29,3676,36745,Jongvolwassenen,25 - 39,10.004
202051,30 - 34,3587,39761,Volwassenen,25 - 39,9.021
202051,35 - 39,3434,38104,Volwassenen,25 - 39,9.012
202051,40 - 44,3780,35371,Volwassenen,40 - 49,10.687
202051,45 - 49,4515,34052,Volwassenen,40 - 49,13.259
202051,50 - 54,4568,32360,Volwassenen,50 - 59,14.116
202051,55 - 59,3934,28287,Volwassenen,50 - 59,13.907
202051,60 - 64,3138,25405,Volwassenen,60 - 69,12.352
202051,65 - 69,2145,19634,Volwassenen,60 - 69,10.925
202051,70 - 74,1791,14115,70 en ouder,70 en ouder,12.689
202051,75 - 79,1037,6770,70 en ouder,70 en ouder,15.318
202051,80 - 84,574,3603,70 en ouder,70 en ouder,15.931
202051,85 - 89,355,1726,70 en ouder,70 en ouder,20.568
202051,90 - 94,122,635,70 en ouder,70 en ouder,19.213
202051,95 en ouder,31,138,95 en ouder,70 en ouder,22.464
202052,0 - 12,3082,17170,Basisschool,0 - 12,17.95
202052,13 - 17,6544,39808,Pubers,13 - 24,16.439
202052,18 - 24,7959,63095,Jongvolwassenen,13 - 24,12.614
202052,25 - 29,4792,44829,Jongvolwassenen,25 - 39,10.69
202052,30 - 39,8776,87227,Volwassenen,25 - 39,10.061
202052,40 - 49,10419,75341,Volwassenen,40 - 49,13.829
202052,50 - 59,11316,69537,Volwassenen,50 - 59,16.273
202052,60 - 69,6769,48589,Volwassenen,60 - 69,13.931
202052,70 en ouder,5224,30832,70 en ouder,70 en ouder,16.943
202053,0 - 12,2563,13253,Basisschool,0 - 12,19.339
202053,13 - 17,4283,22473,Pubers,13 - 24,19.058
202053,18 - 24,6593,51792,Jongvolwassenen,13 - 24,12.73
202053,25 - 29,3913,41380,Jongvolwassenen,25 - 39,9.456
202053,30 - 39,7280,79526,Volwassenen,25 - 39,9.154
202053,40 - 49,8368,65588,Volwassenen,40 - 49,12.758
202053,50 - 59,9482,62552,Volwassenen,50 - 59,15.159
202053,60 - 69,5862,43811,Volwassenen,60 - 69,13.38
202053,70 en ouder,4754,28476,70 en ouder,70 en ouder,16.695
202101,0 - 12,1742,8657,Basisschool,0 - 12,20.122
202101,13 - 17,2915,15153,Pubers,13 - 24,19.237
202101,18 - 24,6132,43778,Jongvolwassenen,13 - 24,14.007
202101,25 - 29,3940,34989,Jongvolwassenen,25 - 39,11.261
202101,30 - 39,6651,64590,Volwassenen,25 - 39,10.297
202101,40 - 49,7033,52108,Volwassenen,40 - 49,13.497
202101,50 - 59,8662,57488,Volwassenen,50 - 59,15.067
202101,60 - 69,5735,42847,Volwassenen,60 - 69,13.385
202101,70 en ouder,4882,29570,70 en ouder,70 en ouder,16.51
202102,0 - 12,1335,7064,Basisschool,0 - 12,18.899
202102,13 - 17,2452,13601,Pubers,13 - 24,18.028
202102,18 - 24,6835,48838,Jongvolwassenen,13 - 24,13.995
202102,25 - 29,3735,33816,Jongvolwassenen,25 - 39,11.045
202102,30 - 39,5535,56391,Volwassenen,25 - 39,9.815
202102,40 - 49,5494,46622,Volwassenen,40 - 49,11.784
202102,50 - 59,7409,54469,Volwassenen,50 - 59,13.602
202102,60 - 69,4861,36996,Volwassenen,60 - 69,13.139
202102,70 en ouder,3898,26127,70 en ouder,70 en ouder,14.919
202103,0 - 12,1210,9030,Basisschool,0 - 12,13.4
202103,13 - 17,1731,12576,Pubers,13 - 24,13.764
202103,18 - 24,4392,37066,Jongvolwassenen,13 - 24,11.849
202103,25 - 29,2624,26714,Jongvolwassenen,25 - 39,9.823
202103,30 - 39,4449,50608,Volwassenen,25 - 39,8.791
202103,40 - 49,4291,43001,Volwassenen,40 - 49,9.979
202103,50 - 59,6217,51392,Volwassenen,50 - 59,12.097
202103,60 - 69,4088,36427,Volwassenen,60 - 69,11.222
202103,70 en ouder,3155,26136,70 en ouder,70 en ouder,12.071
202104,0 - 12,1223,9265,Basisschool,0 - 12,13.2
202104,13 - 17,1501,11129,Pubers,13 - 24,13.487
202104,18 - 24,3827,33265,Jongvolwassenen,13 - 24,11.505
202104,25 - 29,2449,25112,Jongvolwassenen,25 - 39,9.752
202104,30 - 39,4230,49755,Volwassenen,25 - 39,8.502
202104,40 - 49,3969,40046,Volwassenen,40 - 49,9.911
202104,50 - 59,5600,45766,Volwassenen,50 - 59,12.236
202104,60 - 69,3862,32220,Volwassenen,60 - 69,11.986
202104,70 en ouder,2749,21872,70 en ouder,70 en ouder,12.569
202105,0 - 3,101,714,Kinderen,0 - 12,14.146
202105,4 - 12,1047,5982,Basisschool,0 - 12,17.503
202105,13 - 17,1238,7725,Pubers,13 - 24,16.026
202105,18 - 24,3041,26178,Jongvolwassenen,13 - 24,11.617
202105,25 - 29,1943,20492,Jongvolwassenen,25 - 39,9.482
202105,30 - 39,3514,40465,Volwassenen,25 - 39,8.684
202105,40 - 49,3286,31411,Volwassenen,40 - 49,10.461
202105,50 - 59,4475,35024,Volwassenen,50 - 59,12.777
202105,60 - 69,3014,24055,Volwassenen,60 - 69,12.53
202105,70 en ouder,2142,16278,70 en ouder,70 en ouder,13.159
202106,0 - 3,120,805,Kinderen,0 - 12,14.907
202106,4 - 12,1256,8153,Basisschool,0 - 12,15.405
202106,13 - 17,1059,7318,Pubers,13 - 24,14.471
202106,18 - 24,2600,23141,Jongvolwassenen,13 - 24,11.235
202106,25 - 29,1715,19150,Jongvolwassenen,25 - 39,8.956
202106,30 - 39,3018,38174,Volwassenen,25 - 39,7.906
202106,40 - 49,2820,29647,Volwassenen,40 - 49,9.512
202106,50 - 59,3815,31868,Volwassenen,50 - 59,11.971
202106,60 - 69,2579,21869,Volwassenen,60 - 69,11.793
202106,70 en ouder,1864,14838,70 en ouder,70 en ouder,12.562
202107,0 - 3,165,1246,Kinderen,0 - 12,13.242
202107,4 - 12,1394,13631,Basisschool,0 - 12,10.227
202107,13 - 17,1114,6981,Pubers,13 - 24,15.958
202107,18 - 24,2597,22094,Jongvolwassenen,13 - 24,11.754
202107,25 - 29,1727,17959,Jongvolwassenen,25 - 39,9.616
202107,30 - 39,3199,36919,Volwassenen,25 - 39,8.665
202107,40 - 49,3047,28168,Volwassenen,40 - 49,10.817
202107,50 - 59,3924,29497,Volwassenen,50 - 59,13.303
202107,60 - 69,2575,20881,Volwassenen,60 - 69,12.332
202107,70 en ouder,1611,12707,70 en ouder,70 en ouder,12.678
202108,0 - 3,200,2106,Kinderen,0 - 12,9.497
202108,4 - 12,2023,23707,Basisschool,0 - 12,8.533
202108,13 - 17,1271,8858,Pubers,13 - 24,14.349
202108,18 - 24,3207,28306,Jongvolwassenen,13 - 24,11.33
202108,25 - 29,1989,22881,Jongvolwassenen,25 - 39,8.693
202108,30 - 39,3874,52798,Volwassenen,25 - 39,7.337
202108,40 - 49,3572,39295,Volwassenen,40 - 49,9.09
202108,50 - 59,4510,38235,Volwassenen,50 - 59,11.795
202108,60 - 69,2849,28385,Volwassenen,60 - 69,10.037
202108,70 en ouder,2025,18559,70 en ouder,70 en ouder,10.911
202109,0 - 3,257,3576,Kinderen,0 - 12,7.187
202109,4 - 12,2612,33169,Basisschool,0 - 12,7.875
202109,13 - 17,1522,11414,Pubers,13 - 24,13.335
202109,18 - 24,3607,33514,Jongvolwassenen,13 - 24,10.763
202109,25 - 29,2156,26472,Jongvolwassenen,25 - 39,8.144
202109,30 - 39,4270,64088,Volwassenen,25 - 39,6.663
202109,40 - 49,3922,46323,Volwassenen,40 - 49,8.467
202109,50 - 59,4528,42365,Volwassenen,50 - 59,10.688
202109,60 - 69,2963,33885,Volwassenen,60 - 69,8.744
202109,70 en ouder,2188,22288,70 en ouder,70 en ouder,9.817
202110,0 - 3,252,3850,Kinderen,0 - 12,6.545
202110,4 - 12,2914,53425,Basisschool,0 - 12,5.454
202110,13 - 17,1681,16443,Pubers,13 - 24,10.223
202110,18 - 24,4200,40122,Jongvolwassenen,13 - 24,10.468
202110,25 - 29,2250,28462,Jongvolwassenen,25 - 39,7.905
202110,30 - 39,4189,69130,Volwassenen,25 - 39,6.06
202110,40 - 49,4011,52025,Volwassenen,40 - 49,7.71
202110,50 - 59,4513,44348,Volwassenen,50 - 59,10.176
202110,60 - 69,2840,33156,Volwassenen,60 - 69,8.566
202110,70 en ouder,1953,20200,70 en ouder,70 en ouder,9.668
202111,0 - 3,292,4966,Kinderen,0 - 12,5.88
202111,4 - 12,3972,88175,Basisschool,0 - 12,4.505
202111,13 - 17,2215,23780,Pubers,13 - 24,9.315
202111,18 - 24,4630,47416,Jongvolwassenen,13 - 24,9.765
202111,25 - 29,2597,33321,Jongvolwassenen,25 - 39,7.794
202111,30 - 39,5196,83385,Volwassenen,25 - 39,6.231
202111,40 - 49,4979,66286,Volwassenen,40 - 49,7.511
202111,50 - 59,5642,51831,Volwassenen,50 - 59,10.885
202111,60 - 69,3349,38850,Volwassenen,60 - 69,8.62
202111,70 en ouder,2305,22568,70 en ouder,70 en ouder,10.214
202112,0 - 3,342,6501,Kinderen,0 - 12,5.261
202112,4 - 12,4982,103305,Basisschool,0 - 12,4.823
202112,13 - 17,2881,30664,Pubers,13 - 24,9.395
202112,18 - 24,5265,52200,Jongvolwassenen,13 - 24,10.086
202112,25 - 29,3231,36547,Jongvolwassenen,25 - 39,8.841
202112,30 - 39,5971,90050,Volwassenen,25 - 39,6.631
202112,40 - 49,6089,73794,Volwassenen,40 - 49,8.251
202112,50 - 59,6287,56933,Volwassenen,50 - 59,11.043
202112,60 - 69,3841,42908,Volwassenen,60 - 69,8.952
202112,70 en ouder,2505,24107,70 en ouder,70 en ouder,10.391
202113,0 - 3,405,7837,Kinderen,0 - 12,5.168
202113,4 - 12,5573,105227,Basisschool,0 - 12,5.296
202113,13 - 17,3203,35202,Pubers,13 - 24,9.099
202113,18 - 24,6143,57079,Jongvolwassenen,13 - 24,10.762
202113,25 - 29,3507,39623,Jongvolwassenen,25 - 39,8.851
202113,30 - 39,6796,95266,Volwassenen,25 - 39,7.134
202113,40 - 49,6735,78325,Volwassenen,40 - 49,8.599
202113,50 - 59,6949,60882,Volwassenen,50 - 59,11.414
202113,60 - 69,4261,45228,Volwassenen,60 - 69,9.421
202113,70 en ouder,2962,25266,70 en ouder,70 en ouder,11.723
202114,0 - 3,438,8728,Kinderen,0 - 12,5.018
202114,4 - 12,4962,85412,Basisschool,0 - 12,5.809
202114,13 - 17,2835,29875,Pubers,13 - 24,9.49
202114,18 - 24,5965,56023,Jongvolwassenen,13 - 24,10.647
202114,25 - 29,3375,39374,Jongvolwassenen,25 - 39,8.572
202114,30 - 39,6461,87995,Volwassenen,25 - 39,7.342
202114,40 - 49,6355,69091,Volwassenen,40 - 49,9.198
202114,50 - 59,6865,56110,Volwassenen,50 - 59,12.235
202114,60 - 69,4016,40975,Volwassenen,60 - 69,9.801
202114,70 - 79,2194,19084,70 en ouder,70 en ouder,11.497
202114,80 en ouder,524,3759,70 en ouder,70 en ouder,13.94
202115,0 - 3,484,8708,Kinderen,0 - 12,5.558
202115,4 - 12,4622,76728,Basisschool,0 - 12,6.024
202115,13 - 17,3324,30292,Pubers,13 - 24,10.973
202115,18 - 24,6398,53838,Jongvolwassenen,13 - 24,11.884
202115,25 - 29,3733,38805,Jongvolwassenen,25 - 39,9.62
202115,30 - 39,6802,85661,Volwassenen,25 - 39,7.941
202115,40 - 49,6972,68309,Volwassenen,40 - 49,10.207
202115,50 - 59,7558,60096,Volwassenen,50 - 59,12.577
202115,60 - 69,4410,42946,Volwassenen,60 - 69,10.269
202115,70 - 79,2339,19561,70 en ouder,70 en ouder,11.957
202115,80 en ouder,445,3472,70 en ouder,70 en ouder,12.817
202116,0 - 3,499,9704,Kinderen,0 - 12,5.142
202116,4 - 12,5137,87746,Basisschool,0 - 12,5.854
202116,13 - 17,3705,32083,Pubers,13 - 24,11.548
202116,18 - 24,7144,56471,Jongvolwassenen,13 - 24,12.651
202116,25 - 29,4010,39178,Jongvolwassenen,25 - 39,10.235
202116,30 - 39,7005,82240,Volwassenen,25 - 39,8.518
202116,40 - 49,7250,65207,Volwassenen,40 - 49,11.118
202116,50 - 59,8033,58771,Volwassenen,50 - 59,13.668
202116,60 - 69,4439,40809,Volwassenen,60 - 69,10.878
202116,70 - 79,2329,17608,70 en ouder,70 en ouder,13.227
202116,80 en ouder,412,3341,70 en ouder,70 en ouder,12.332
202117,0 - 3,545,10682,Kinderen,0 - 12,5.102
202117,4 - 12,5681,91636,Basisschool,0 - 12,6.2
202117,13 - 17,3735,30868,Pubers,13 - 24,12.1
202117,18 - 24,7342,57357,Jongvolwassenen,13 - 24,12.801
202117,25 - 29,4007,37453,Jongvolwassenen,25 - 39,10.699
202117,30 - 39,7247,80523,Volwassenen,25 - 39,9.0
202117,40 - 49,7467,64375,Volwassenen,40 - 49,11.599
202117,50 - 59,8200,57341,Volwassenen,50 - 59,14.3
202117,60 - 69,4445,37668,Volwassenen,60 - 69,11.8
202117,70 - 79,2248,15721,70 en ouder,70 en ouder,14.299
202117,80 en ouder,402,3347,70 en ouder,70 en ouder,12.011
202118,0 - 3,477,7949,Kinderen,0 - 12,6.001
202118,4 - 12,4503,62543,Basisschool,0 - 12,7.2
202118,13 - 17,3395,22486,Pubers,13 - 24,15.098
202118,18 - 24,7834,54403,Jongvolwassenen,13 - 24,14.4
202118,25 - 29,4255,34873,Jongvolwassenen,25 - 39,12.201
202118,30 - 39,6644,69938,Volwassenen,25 - 39,9.5
202118,40 - 49,7090,56266,Volwassenen,40 - 49,12.601
202118,50 - 59,7552,51026,Volwassenen,50 - 59,14.8
202118,60 - 69,3961,33282,Volwassenen,60 - 69,11.901
202118,70 - 79,2095,13603,70 en ouder,70 en ouder,15.401
202118,80 en ouder,321,2914,70 en ouder,70 en ouder,11.016
202119,0 - 3,424,6150,Kinderen,0 - 12,6.894
202119,4 - 12,3105,33035,Basisschool,0 - 12,9.399
202119,13 - 17,3121,18038,Pubers,13 - 24,17.302
202119,18 - 24,8004,55201,Jongvolwassenen,13 - 24,14.5
202119,25 - 29,3960,34439,Jongvolwassenen,25 - 39,11.499
202119,30 - 39,6126,61256,Volwassenen,25 - 39,10.001
202119,40 - 49,6079,48246,Volwassenen,40 - 49,12.6
202119,50 - 59,6990,49930,Volwassenen,50 - 59,14.0
202119,60 - 69,3537,30490,Volwassenen,60 - 69,11.601
202119,70 - 79,1712,12969,70 en ouder,70 en ouder,13.201
202119,80 en ouder,290,2989,70 en ouder,70 en ouder,9.702
202120,0 - 3,402,4789,Kinderen,0 - 12,8.394
202120,4 - 12,2466,23938,Basisschool,0 - 12,10.302
202120,13 - 17,2422,15932,Pubers,13 - 24,15.202
202120,18 - 24,6059,42672,Jongvolwassenen,13 - 24,14.199
202120,25 - 29,2971,25835,Jongvolwassenen,25 - 39,11.5
202120,30 - 39,4624,47180,Volwassenen,25 - 39,9.801
202120,40 - 49,4660,36127,Volwassenen,40 - 49,12.899
202120,50 - 59,5654,38724,Volwassenen,50 - 59,14.601
202120,60 - 69,2555,24106,Volwassenen,60 - 69,10.599
202120,70 - 79,1172,10559,70 en ouder,70 en ouder,11.1
202120,80 en ouder,227,2607,70 en ouder,70 en ouder,8.707
202121,0 - 3,336,3858,Kinderen,0 - 12,8.709
202121,4 - 12,2056,29803,Basisschool,0 - 12,6.899
202121,13 - 17,1898,14826,Pubers,13 - 24,12.802
202121,18 - 24,4631,35901,Jongvolwassenen,13 - 24,12.899
202121,25 - 29,2293,22478,Jongvolwassenen,25 - 39,10.201
202121,30 - 39,3602,41406,Volwassenen,25 - 39,8.699
202121,40 - 49,3524,31464,Volwassenen,40 - 49,11.2
202121,50 - 59,4026,31207,Volwassenen,50 - 59,12.901
202121,60 - 69,1698,18456,Volwassenen,60 - 69,9.2
202121,70 - 79,676,7686,70 en ouder,70 en ouder,8.795
202121,80 en ouder,158,1976,70 en ouder,70 en ouder,7.996
202122,0 - 3,271,3761,Kinderen,0 - 12,7.206
202122,4 - 12,2217,41063,Basisschool,0 - 12,5.399
202122,13 - 17,1539,13496,Pubers,13 - 24,11.403
202122,18 - 24,3019,25369,Jongvolwassenen,13 - 24,11.9
202122,25 - 29,1700,17527,Jongvolwassenen,25 - 39,9.699
202122,30 - 39,2957,37909,Volwassenen,25 - 39,7.8
202122,40 - 49,2912,28548,Volwassenen,40 - 49,10.2
202122,50 - 59,2879,23404,Volwassenen,50 - 59,12.301
202122,60 - 69,1100,14289,Volwassenen,60 - 69,7.698
202122,70 - 79,388,5311,70 en ouder,70 en ouder,7.306
202122,80 en ouder,94,1441,70 en ouder,70 en ouder,6.523
202123,0 - 3,200,3926,Kinderen,0 - 12,5.094
202123,4 - 12,2033,47270,Basisschool,0 - 12,4.301
202123,13 - 17,1477,14336,Pubers,13 - 24,10.303
202123,18 - 24,2163,21000,Jongvolwassenen,13 - 24,10.3
202123,25 - 29,1061,14332,Jongvolwassenen,25 - 39,7.403
202123,30 - 39,2081,33036,Volwassenen,25 - 39,6.299
202123,40 - 49,2124,25907,Volwassenen,40 - 49,8.199
202123,50 - 59,1893,18206,Volwassenen,50 - 59,10.398
202123,60 - 69,682,11763,Volwassenen,60 - 69,5.798
202123,70 - 79,205,4189,70 en ouder,70 en ouder,4.894
202123,80 en ouder,53,1208,70 en ouder,70 en ouder,4.387
202124,0 - 3,120,2920,Kinderen,0 - 12,4.11
202124,4 - 12,1037,34561,Basisschool,0 - 12,3.0
202124,13 - 17,909,14904,Pubers,13 - 24,6.099
202124,18 - 24,1605,17072,Jongvolwassenen,13 - 24,9.401
202124,25 - 29,645,11516,Jongvolwassenen,25 - 39,5.601
202124,30 - 39,1210,26298,Volwassenen,25 - 39,4.601
202124,40 - 49,1128,19451,Volwassenen,40 - 49,5.799
202124,50 - 59,966,13417,Volwassenen,50 - 59,7.2
202124,60 - 69,325,8336,Volwassenen,60 - 69,3.899
202124,70 - 79,75,3016,70 en ouder,70 en ouder,2.487
202124,80 en ouder,26,861,70 en ouder,70 en ouder,3.02
202125,0 - 3,55,2213,Kinderen,0 - 12,2.485
202125,4 - 12,591,25681,Basisschool,0 - 12,2.301
202125,13 - 17,825,16495,Pubers,13 - 24,5.002
202125,18 - 24,1344,16196,Jongvolwassenen,13 - 24,8.298
202125,25 - 29,501,10662,Jongvolwassenen,25 - 39,4.699
202125,30 - 39,807,22421,Volwassenen,25 - 39,3.599
202125,40 - 49,738,16766,Volwassenen,40 - 49,4.402
202125,50 - 59,617,12104,Volwassenen,50 - 59,5.097
202125,60 - 69,215,7153,Volwassenen,60 - 69,3.006
202125,70 - 79,56,2784,70 en ouder,70 en ouder,2.011
202125,80 en ouder,16,788,70 en ouder,70 en ouder,2.03
202126,0 - 3,47,1940,Kinderen,0 - 12,2.423
202126,4 - 12,336,20994,Basisschool,0 - 12,1.6
202126,13 - 17,517,15218,Pubers,13 - 24,3.397
202126,18 - 24,904,15316,Jongvolwassenen,13 - 24,5.902
202126,25 - 29,409,10765,Jongvolwassenen,25 - 39,3.799
202126,30 - 39,615,21980,Volwassenen,25 - 39,2.798
202126,40 - 49,492,16951,Volwassenen,40 - 49,2.902
202126,50 - 59,448,11796,Volwassenen,50 - 59,3.798
202126,60 - 69,146,7279,Volwassenen,60 - 69,2.006
202126,70 - 79,25,2791,70 en ouder,70 en ouder,0.896
202126,80 en ouder,15,781,70 en ouder,70 en ouder,1.921
202127,0 - 3,37,2323,Kinderen,0 - 12,1.593
202127,4 - 12,341,18925,Basisschool,0 - 12,1.802
202127,13 - 17,504,12608,Pubers,13 - 24,3.997
202127,18 - 24,3279,31230,Jongvolwassenen,13 - 24,10.5
202127,25 - 29,779,15268,Jongvolwassenen,25 - 39,5.102
202127,30 - 39,868,26299,Volwassenen,25 - 39,3.301
202127,40 - 49,521,19311,Volwassenen,40 - 49,2.698
202127,50 - 59,460,15350,Volwassenen,50 - 59,2.997
202127,60 - 69,149,8792,Volwassenen,60 - 69,1.695
202127,70 - 79,35,3174,70 en ouder,70 en ouder,1.103
202127,80 en ouder,11,723,70 en ouder,70 en ouder,1.521
202128,0 - 3,147,4458,Kinderen,0 - 12,3.297
202128,4 - 12,1142,32621,Basisschool,0 - 12,3.501
202128,13 - 17,2715,27424,Pubers,13 - 24,9.9
202128,18 - 24,28560,112884,Jongvolwassenen,13 - 24,25.3
202128,25 - 29,7825,44462,Jongvolwassenen,25 - 39,17.599
202128,30 - 39,4372,50838,Volwassenen,25 - 39,8.6
202128,40 - 49,2077,39194,Volwassenen,40 - 49,5.299
202128,50 - 59,2273,37269,Volwassenen,50 - 59,6.099
202128,60 - 69,592,15180,Volwassenen,60 - 69,3.9
202128,70 - 79,123,5116,70 en ouder,70 en ouder,2.404
202128,80 en ouder,50,1342,70 en ouder,70 en ouder,3.726
202129,0 - 3,304,7417,Kinderen,0 - 12,4.099
202129,4 - 12,2576,45189,Basisschool,0 - 12,5.701
202129,13 - 17,6130,36704,Pubers,13 - 24,16.701
202129,18 - 24,25592,106189,Jongvolwassenen,13 - 24,24.1
202129,25 - 29,10191,57904,Jongvolwassenen,25 - 39,17.6
202129,30 - 39,8013,70289,Volwassenen,25 - 39,11.4
202129,40 - 49,4850,53301,Volwassenen,40 - 49,9.099
202129,50 - 59,5064,52206,Volwassenen,50 - 59,9.7
202129,60 - 69,1674,22319,Volwassenen,60 - 69,7.5
202129,70 - 79,440,8148,70 en ouder,70 en ouder,5.4
202129,80 en ouder,167,2421,70 en ouder,70 en ouder,6.898
202130,0 - 3,297,6070,Kinderen,0 - 12,4.893
202130,4 - 12,2553,32314,Basisschool,0 - 12,7.901
202130,13 - 17,4453,25159,Pubers,13 - 24,17.699
202130,18 - 24,9424,48328,Jongvolwassenen,13 - 24,19.5
202130,25 - 29,4250,30574,Jongvolwassenen,25 - 39,13.901
202130,30 - 39,5440,49456,Volwassenen,25 - 39,11.0
202130,40 - 49,3817,38173,Volwassenen,40 - 49,9.999
202130,50 - 59,3320,34584,Volwassenen,50 - 59,9.6
202130,60 - 69,1472,19123,Volwassenen,60 - 69,7.698
202130,70 - 79,502,8227,70 en ouder,70 en ouder,6.102
202130,80 en ouder,215,2473,70 en ouder,70 en ouder,8.694
202131,0 - 3,218,3580,Kinderen,0 - 12,6.089
202131,4 - 12,1617,16503,Basisschool,0 - 12,9.798
202131,13 - 17,2465,16217,Pubers,13 - 24,15.2
202131,18 - 24,4947,30348,Jongvolwassenen,13 - 24,16.301
202131,25 - 29,2421,19848,Jongvolwassenen,25 - 39,12.198
202131,30 - 39,3518,34831,Volwassenen,25 - 39,10.1
202131,40 - 49,2338,25140,Volwassenen,40 - 49,9.3
202131,50 - 59,1808,22324,Volwassenen,50 - 59,8.099
202131,60 - 69,939,14908,Volwassenen,60 - 69,6.299
202131,70 - 79,404,6970,70 en ouder,70 en ouder,5.796
202131,80 en ouder,183,2315,70 en ouder,70 en ouder,7.905
202132,0 - 3,166,2594,Kinderen,0 - 12,6.399
202132,4 - 12,1157,7609,Basisschool,0 - 12,15.206
202132,13 - 17,1478,7108,Pubers,13 - 24,20.793
202132,18 - 24,3801,20003,Jongvolwassenen,13 - 24,19.002
202132,25 - 29,1960,13904,Jongvolwassenen,25 - 39,14.097
202132,30 - 39,2792,23263,Volwassenen,25 - 39,12.002
202132,40 - 49,1785,15130,Volwassenen,40 - 49,11.798
202132,50 - 59,1417,14757,Volwassenen,50 - 59,9.602
202132,60 - 69,859,11608,Volwassenen,60 - 69,7.4
202132,70 - 79,314,5514,70 en ouder,70 en ouder,5.695
202132,80 en ouder,142,1705,70 en ouder,70 en ouder,8.328
202133,0 - 3,190,2064,Kinderen,0 - 12,9.205
202133,4 - 12,1088,5666,Basisschool,0 - 12,19.202
202133,13 - 17,1333,6006,Pubers,13 - 24,22.194
202133,18 - 24,3820,18019,Jongvolwassenen,13 - 24,21.2
202133,25 - 29,1789,11466,Jongvolwassenen,25 - 39,15.603
202133,30 - 39,2519,19228,Volwassenen,25 - 39,13.101
202133,40 - 49,1660,12479,Volwassenen,40 - 49,13.302
202133,50 - 59,1513,13158,Volwassenen,50 - 59,11.499
202133,60 - 69,838,9739,Volwassenen,60 - 69,8.605
202133,70 - 79,344,4777,70 en ouder,70 en ouder,7.201
202133,80 en ouder,142,1608,70 en ouder,70 en ouder,8.831
202134,0 - 3,182,1876,Kinderen,0 - 12,9.701
202134,4 - 12,1302,6855,Basisschool,0 - 12,18.993
202134,13 - 17,1500,7008,Pubers,13 - 24,21.404
202134,18 - 24,3344,22904,Jongvolwassenen,13 - 24,14.6
202134,25 - 29,1702,10981,Jongvolwassenen,25 - 39,15.499
202134,30 - 39,2584,18456,Volwassenen,25 - 39,14.001
202134,40 - 49,1881,13628,Volwassenen,40 - 49,13.802
202134,50 - 59,1465,13438,Volwassenen,50 - 59,10.902
202134,60 - 69,814,9575,Volwassenen,60 - 69,8.501
202134,70 - 79,321,4784,70 en ouder,70 en ouder,6.71
202134,80 en ouder,173,1767,70 en ouder,70 en ouder,9.791
202135,0 - 3,261,2509,Kinderen,0 - 12,10.403
202135,4 - 12,1910,12325,Basisschool,0 - 12,15.497
202135,13 - 17,1471,7704,Pubers,13 - 24,19.094
202135,18 - 24,3047,22082,Jongvolwassenen,13 - 24,13.799
202135,25 - 29,1671,12111,Jongvolwassenen,25 - 39,13.797
202135,30 - 39,2837,21013,Volwassenen,25 - 39,13.501
202135,40 - 49,2097,15888,Volwassenen,40 - 49,13.199
202135,50 - 59,1544,14166,Volwassenen,50 - 59,10.899
202135,60 - 69,880,9892,Volwassenen,60 - 69,8.896
202135,70 - 79,420,4945,70 en ouder,70 en ouder,8.493
202135,80 en ouder,163,1648,70 en ouder,70 en ouder,9.891
202136,0 - 3,245,2694,Kinderen,0 - 12,9.094
202136,4 - 12,3005,26132,Basisschool,0 - 12,11.499
202136,13 - 17,1477,10552,Pubers,13 - 24,13.997
202136,18 - 24,2434,26456,Jongvolwassenen,13 - 24,9.2
202136,25 - 29,1537,14368,Jongvolwassenen,25 - 39,10.697
202136,30 - 39,2825,24142,Volwassenen,25 - 39,11.702
202136,40 - 49,2148,18520,Volwassenen,40 - 49,11.598
202136,50 - 59,1523,15231,Volwassenen,50 - 59,9.999
202136,60 - 69,946,10396,Volwassenen,60 - 69,9.1
202136,70 - 79,408,4977,70 en ouder,70 en ouder,8.198
202136,80 en ouder,157,1588,70 en ouder,70 en ouder,9.887
202137,0 - 3,237,3002,Kinderen,0 - 12,7.895
202137,4 - 12,3257,36592,Basisschool,0 - 12,8.901
202137,13 - 17,1436,16322,Pubers,13 - 24,8.798
202137,18 - 24,1795,20402,Jongvolwassenen,13 - 24,8.798
202137,25 - 29,1370,13979,Jongvolwassenen,25 - 39,9.8
202137,30 - 39,2463,25657,Volwassenen,25 - 39,9.6
202137,40 - 49,1956,20812,Volwassenen,40 - 49,9.398
202137,50 - 59,1355,15761,Volwassenen,50 - 59,8.597
202137,60 - 69,834,10301,Volwassenen,60 - 69,8.096
202137,70 - 79,399,5113,70 en ouder,70 en ouder,7.804
202137,80 en ouder,187,1800,70 en ouder,70 en ouder,10.389
202138,0 - 3,187,2342,Kinderen,0 - 12,7.985
202138,4 - 12,2724,32820,Basisschool,0 - 12,8.3
202138,13 - 17,1186,17185,Pubers,13 - 24,6.901
202138,18 - 24,1383,18947,Jongvolwassenen,13 - 24,7.299
202138,25 - 29,1094,13175,Jongvolwassenen,25 - 39,8.304
202138,30 - 39,2083,24216,Volwassenen,25 - 39,8.602
202138,40 - 49,1746,20542,Volwassenen,40 - 49,8.5
202138,50 - 59,1165,14936,Volwassenen,50 - 59,7.8
202138,60 - 69,705,9522,Volwassenen,60 - 69,7.404
202138,70 - 79,361,4876,70 en ouder,70 en ouder,7.404
202138,80 en ouder,126,1594,70 en ouder,70 en ouder,7.905
202139,0 - 3,146,1785,Kinderen,0 - 12,8.179
202139,4 - 12,2008,19688,Basisschool,0 - 12,10.199
202139,13 - 17,999,16656,Pubers,13 - 24,5.998
202139,18 - 24,1257,18489,Jongvolwassenen,13 - 24,6.799
202139,25 - 29,864,13290,Jongvolwassenen,25 - 39,6.501
202139,30 - 39,1776,24330,Volwassenen,25 - 39,7.3
202139,40 - 49,1544,20591,Volwassenen,40 - 49,7.498
202139,50 - 59,1084,15491,Volwassenen,50 - 59,6.998
202139,60 - 69,693,9759,Volwassenen,60 - 69,7.101
202139,70 - 79,364,4664,70 en ouder,70 en ouder,7.804
202139,80 en ouder,179,1626,70 en ouder,70 en ouder,11.009
202140,0 - 3,145,1931,Kinderen,0 - 12,7.509
202140,4 - 12,1762,15455,Basisschool,0 - 12,11.401
202140,13 - 17,962,12824,Pubers,13 - 24,7.502
202140,18 - 24,1206,17731,Jongvolwassenen,13 - 24,6.802
202140,25 - 29,935,13356,Jongvolwassenen,25 - 39,7.001
202140,30 - 39,1881,24117,Volwassenen,25 - 39,7.799
202140,40 - 49,1553,19418,Volwassenen,40 - 49,7.998
202140,50 - 59,1184,15179,Volwassenen,50 - 59,7.8
202140,60 - 69,866,10189,Volwassenen,60 - 69,8.499
202140,70 - 79,416,4781,70 en ouder,70 en ouder,8.701
202140,80 en ouder,170,1437,70 en ouder,70 en ouder,11.83
202141,0 - 3,161,2091,Kinderen,0 - 12,7.7
202141,4 - 12,2703,16790,Basisschool,0 - 12,16.099
202141,13 - 17,1202,11445,Pubers,13 - 24,10.502
202141,18 - 24,1814,22401,Jongvolwassenen,13 - 24,8.098
202141,25 - 29,1328,16392,Jongvolwassenen,25 - 39,8.102
202141,30 - 39,2530,28110,Volwassenen,25 - 39,9.0
202141,40 - 49,2345,22119,Volwassenen,40 - 49,10.602
202141,50 - 59,1818,18182,Volwassenen,50 - 59,9.999
202141,60 - 69,1271,12341,Volwassenen,60 - 69,10.299
202141,70 - 79,742,5839,70 en ouder,70 en ouder,12.708
202141,80 en ouder,300,1985,70 en ouder,70 en ouder,15.113
202142,0 - 3,255,2745,Kinderen,0 - 12,9.29
202142,4 - 12,3827,21379,Basisschool,0 - 12,17.901
202142,13 - 17,1647,12198,Pubers,13 - 24,13.502
202142,18 - 24,2762,27619,Jongvolwassenen,13 - 24,10.0
202142,25 - 29,1962,20649,Jongvolwassenen,25 - 39,9.502
202142,30 - 39,3661,34865,Volwassenen,25 - 39,10.501
202142,40 - 49,3221,27293,Volwassenen,40 - 49,11.802
202142,50 - 59,2812,24035,Volwassenen,50 - 59,11.7
202142,60 - 69,1956,16859,Volwassenen,60 - 69,11.602
202142,70 - 79,1278,8039,70 en ouder,70 en ouder,15.897
202142,80 en ouder,477,2694,70 en ouder,70 en ouder,17.706
202143,0 - 3,204,2168,Kinderen,0 - 12,9.41
202143,4 - 12,3545,17292,Basisschool,0 - 12,20.501
202143,13 - 17,1579,9286,Pubers,13 - 24,17.004
202143,18 - 24,2711,26065,Jongvolwassenen,13 - 24,10.401
202143,25 - 29,2374,22610,Jongvolwassenen,25 - 39,10.5
202143,30 - 39,4286,38964,Volwassenen,25 - 39,11.0
202143,40 - 49,3830,29459,Volwassenen,40 - 49,13.001
202143,50 - 59,3419,27355,Volwassenen,50 - 59,12.499
202143,60 - 69,2584,19574,Volwassenen,60 - 69,13.201
202143,70 - 79,1727,9337,70 en ouder,70 en ouder,18.496
202143,80 en ouder,694,3031,70 en ouder,70 en ouder,22.897
202144,0 - 3,220,1715,Kinderen,0 - 12,12.828
202144,4 - 12,3229,14746,Basisschool,0 - 12,21.897
202144,13 - 17,1480,12034,Pubers,13 - 24,12.298
202144,18 - 24,3019,29596,Jongvolwassenen,13 - 24,10.201
202144,25 - 29,2460,25357,Jongvolwassenen,25 - 39,9.701
202144,30 - 39,4845,46143,Volwassenen,25 - 39,10.5
202144,40 - 49,4219,36684,Volwassenen,40 - 49,11.501
202144,50 - 59,4108,34813,Volwassenen,50 - 59,11.8
202144,60 - 69,3322,25355,Volwassenen,60 - 69,13.102
202144,70 - 79,2239,11368,70 en ouder,70 en ouder,19.696
202144,80 en ouder,838,2774,70 en ouder,70 en ouder,30.209
202145,0 - 3,515,4767,Kinderen,0 - 12,10.803
202145,4 - 12,9865,41978,Basisschool,0 - 12,23.5
202145,13 - 17,4020,24662,Pubers,13 - 24,16.3
202145,18 - 24,6563,44048,Jongvolwassenen,13 - 24,14.9
202145,25 - 29,5584,36023,Jongvolwassenen,25 - 39,15.501
202145,30 - 39,11044,69462,Volwassenen,25 - 39,15.899
202145,40 - 49,9988,60171,Volwassenen,40 - 49,16.599
202145,50 - 59,9615,58629,Volwassenen,50 - 59,16.4
202145,60 - 69,7722,44898,Volwassenen,60 - 69,17.199
202145,70 - 79,5014,24578,70 en ouder,70 en ouder,20.4
202145,80 en ouder,2042,8615,70 en ouder,70 en ouder,23.703
