,time,"('susceptible', 'All')",susceptible,"('exposed', 'All')",exposed,"('infected (active)', 'All')",infected (active),"('infected (total)', 'All')",infected (total),"('removed', 'All')",removed,"('hospitalized (active)', 'All')",hospitalized (active),"('in ICU', 'All')",in ICU,"('deaths', 'All')",deaths
0,0.0,16830000.0,16830000.0,85000.0,85000.0,85000.0,85000.0,85000.0,85000.0,0.0,0.0,,,,,,
1,1.0,16817001.603588883,16817001.603588883,72001.43957391652,72001.43957391652,97862.19062028348,97862.19062028348,111166.90659565275,111166.90659565275,13134.766216914977,13134.766216914977,,,,,,
2,2.0,16802571.241080213,16802571.241080213,63888.9668647191,63888.9668647191,105811.37357219151,105811.37357219151,133815.30766875867,133815.30766875867,27728.418482875986,27728.418482875986,,,,,,
3,3.0,16787264.533135187,16787264.533135187,58811.20274309534,58811.20274309534,110702.22698429575,110702.22698429575,154265.33593672776,154265.33593672776,43222.03713742233,43222.03713742233,,,,,,
4,4.0,16771427.278816385,16771427.278816385,55617.67177008499,55617.67177008499,113687.49149623088,113687.49149623088,173336.8150222578,173336.8150222578,59267.55791730036,59267.55791730036,,,,,,
5,5.0,16755274.887893675,16755274.887893675,53593.45242545101,53593.45242545101,115483.68560658638,115483.68560658638,191538.66905484715,191538.66905484715,75647.97407429019,75647.97407429019,,,,,,
6,6.0,16738941.75867531,16738941.75867531,52294.27029108098,52294.27029108098,116536.22609016494,116536.22609016494,209186.62284093583,209186.62284093583,92227.74494344462,92227.74494344462,,,,,,
7,7.0,16722511.959542217,16722511.959542217,51444.028460477435,51444.028460477435,117122.0367278008,117122.0367278008,226476.3392995289,226476.3392995289,108921.97526950839,108921.97526950839,,,,,,
8,8.0,16706038.288811367,16706038.288811367,50871.138477063745,50871.138477063745,117413.31352969188,117413.31352969188,243528.86712245242,243528.86712245242,125677.25918187984,125677.25918187984,,,,,,
9,9.0,16689554.11370353,16689554.11370353,50468.95961739954,50468.95961739954,117517.15343279115,117517.15343279115,260418.88347152964,260418.88347152964,142459.7732462819,142459.7732462819,,,,,,
10,10.0,16673080.723802943,16673080.723802943,50171.21685934215,50171.21685934215,117500.18452613022,117500.18452613022,277192.2462176533,277192.2462176533,159247.87481158765,159247.87481158765,,,,,,
11,11.0,16656631.898491206,16656631.898491206,49936.72525344339,49936.72525344339,117403.8756383665,117403.8756383665,293876.90323645086,293876.90323645086,176027.50061698767,176027.50061698767,,,,,,
12,12.0,16640216.743985206,16640216.743985206,49739.89668828444,49739.89668828444,117254.05327826248,117254.05327826248,310489.6735600722,310489.6735600722,192789.30604825157,192789.30604825157,,,,,,
13,13.0,16623841.455609856,16623841.455609856,49564.83968612645,49564.83968612645,117066.81821995995,117066.81821995995,327040.46295580734,327040.46295580734,209526.88648405988,209526.88648405988,,,,,,
14,14.0,16607510.412492804,16607510.412492804,49401.69198680831,49401.69198680831,116852.22412492483,116852.22412492483,343534.88490129646,343534.88490129646,226235.67139546596,226235.67139546596,,,,,,
15,15.0,16591226.857574265,16591226.857574265,49244.340754310884,49244.340754310884,116616.56492576683,116616.56492576683,359975.89035814966,359975.89035814966,242912.2367456596,242912.2367456596,,,,,,
16,16.0,16574993.32000521,16574993.32000521,49089.00523490933,49089.00523490933,116363.79725838888,116363.79725838888,376364.781356353,376364.781356353,259553.87750149568,259553.87750149568,,,,,,
17,17.0,16558811.877499446,16558811.877499446,48933.355506872154,48933.355506872154,116096.42508928463,116096.42508928463,392701.8414799833,392701.8414799833,276158.3419044007,276158.3419044007,,,,,,
18,18.0,16542684.319247201,16542684.319247201,48775.964491486804,48775.964491486804,115816.04991644171,115816.04991644171,408986.72814637644,408986.72814637644,292723.6663448741,292723.6663448741,,,,,,
19,19.0,16526612.247042757,16526612.247042757,48615.96715612904,48615.96715612904,115523.71299114238,115523.71299114238,425218.7167543124,425218.7167543124,309248.07280997414,309248.07280997414,,,,,,
20,20.0,16510597.138020132,16510597.138020132,48452.84854337498,48452.84854337498,115220.10818496028,115220.10818496028,441396.8527042297,441396.8527042297,325729.90525153535,325729.90525153535,,,,,,
21,21.0,16494640.383533081,16494640.383533081,48286.311908276715,48286.311908276715,114905.71439498584,114905.71439498584,457520.0461128383,457520.0461128383,342167.590163658,342167.590163658,,,3900.498570582264,3900.498570582264,,
22,22.0,16478743.313212756,16478743.313212756,48116.19667433613,48116.19667433613,114580.87789474775,114580.87789474775,473587.13087660715,473587.13087660715,358559.61221816216,358559.61221816216,,,3904.274834979532,3904.274834979532,,
23,23.0,16462907.209817123,16462907.209817123,47942.42737439782,47942.42737439782,114245.86354367436,114245.86354367436,489596.9015513961,489596.9015513961,374904.49926480744,374904.49926480744,,,3903.700072206945,3903.700072206945,,
24,24.0,16447133.31836165,16447133.31836165,47764.98186459951,47764.98186459951,113900.88661968801,113900.88661968801,505548.1364245623,505548.1364245623,391200.8131540634,391200.8131540634,,,3900.281366745225,3900.281366745225,,
25,25.0,16431422.851700375,16431422.851700375,47583.8715275994,47583.8715275994,113546.1325937505,113546.1325937505,521439.6119899288,521439.6119899288,407447.14417827554,407447.14417827554,,,3894.9571547010573,3894.9571547010573,0.0,0.0
26,26.0,16415776.993905824,16415776.993905824,47399.12893474989,47399.12893474989,113181.7693999026,113181.7693999026,537270.112066987,537270.112066987,423642.10775952577,423642.10775952577,,,3888.312353228895,3888.312353228895,2616.690659565269,2616.690659565269
27,27.0,16400196.902286196,16400196.902286196,47210.800149194,47210.800149194,112807.95503416873,112807.95503416873,553038.4335809776,553038.4335809776,439784.34253044165,439784.34253044165,,,3880.712098758328,3880.712098758328,4881.530766875861,4881.530766875861
28,28.0,16384683.70856114,16384683.70856114,47018.93991681061,47018.93991681061,112424.84224553966,112424.84224553966,568743.3902586452,568743.3902586452,455872.50927651057,455872.50927651057,,,3872.384894613726,3872.384894613726,6926.533593672764,6926.533593672764
29,29.0,16369238.519520223,16369238.519520223,46823.60865433282,46823.60865433282,112032.58141640926,112032.58141640926,584383.8150205023,584383.8150205023,471905.29040903685,471905.29040903685,,,3863.47431000201,3863.47431000201,8833.681502225765,8833.681502225765
30,30.0,16353862.417365735,16353862.417365735,46624.8705560162,46624.8705560162,111631.32231552788,111631.32231552788,599958.5615555606,599958.5615555606,487881.3897627229,487881.3897627229,,,3854.0711277477253,3854.0711277477253,10653.866905484698,10653.866905484698
31,31.0,16338556.459865147,16338556.459865147,46422.79239657979,46422.79239657979,111221.21514870499,111221.21514870499,615466.5053809932,615466.5053809932,503799.5325895688,503799.5325895688,,,3844.2333360636026,3844.2333360636026,12418.66228409356,12418.66228409356
32,32.0,16323321.680391166,16323321.680391166,46217.442767637534,46217.442767637534,110802.41117202751,110802.41117202751,630906.5445750295,630906.5445750295,519658.4656691687,519658.4656691687,,,3833.998561623548,3833.998561623548,14147.633929952863,14147.633929952863
33,33.0,16308159.087897828,16308159.087897828,46008.89158408165,46008.89158408165,110375.0630324821,110375.0630324821,646277.600300316,646277.600300316,535456.9574856088,535456.9574856088,,,3823.3918020952606,3823.3918020952606,15852.886712245221,15852.886712245221
34,34.0,16293069.666862728,16293069.666862728,45797.20975863943,45797.20975863943,109939.32493869553,109939.32493869553,661578.6171907695,661578.6171907695,551193.7984399393,551193.7984399393,,,3812.430235244874,3812.430235244874,17541.88834715294,17541.88834715294
35,35.0,16278054.37721406,16278054.37721406,45582.46898126147,45582.46898126147,109495.35272580087,109495.35272580087,676808.5636474197,676808.5636474197,566867.8010788815,566867.8010788815,,,3801.1262096752007,3801.1262096752007,19219.2246217653,19219.2246217653
36,36.0,16263114.154254023,16263114.154254023,45364.74156392311,45364.74156392311,109043.30385433666,109043.30385433666,691966.4320716171,691966.4320716171,582477.8003277184,582477.8003277184,,,3789.4891044260903,3789.4891044260903,20887.69032364506,20887.69032364506
37,37.0,16248249.908585744,16248249.908585744,45144.10032631264,45144.10032631264,108583.33736807993,108583.33736807993,707051.239053323,707051.239053323,598022.6537198647,598022.6537198647,,,3777.5264848613156,3777.5264848613156,22548.967356007197,22548.967356007197
38,38.0,16233462.52604804,16233462.52604804,44920.61850714974,44920.61850714974,108115.61382636747,108115.61382636747,722062.0255255668,722062.0255255668,613501.2416184446,613501.2416184446,,,3765.2448207070465,3765.2448207070465,24204.046295580716,24204.046295580716
39,39.0,16218752.86766073,16218752.86766073,44694.369691648935,44694.369691648935,107640.2952206384,107640.2952206384,736997.8568920332,736997.8568920332,628912.4674269852,628912.4674269852,,,3752.6499316313125,3752.6499316313125,25853.488490129632,25853.488490129632
40,40.0,16204121.769582022,16204121.769582022,44465.42774923609,44465.42774923609,107157.54488130443,107157.54488130443,751857.8231321807,751857.8231321807,644255.2577874387,644255.2577874387,,,3739.7472632606714,3739.7472632606714,27497.589035814948,27497.589035814948
41,41.0,16189570.043078898,16189570.043078898,44233.86677786256,44233.86677786256,106667.52737879349,106667.52737879349,766641.0388866971,766641.0388866971,659528.562764448,659528.562764448,,,3726.542057657363,3726.542057657363,29136.47813563529,29136.47813563529
42,42.0,16175098.474510932,16175098.474510932,43999.761052653994,43999.761052653994,106170.40842120451,106170.40842120451,781346.6435251166,781346.6435251166,674731.3560152116,674731.3560152116,,,3713.0394580975303,3713.0394580975303,30770.184147998312,30770.184147998312
43,43.0,16160707.825327791,16160707.825327791,43763.18497749819,43763.18497749819,105666.35475013111,105666.35475013111,795973.8011968087,795973.8011968087,689862.634944581,689862.634944581,,,3699.244572945644,3699.244572945644,32398.672814637626,32398.672814637626
44,44.0,16146398.832080415,16146398.832080415,43524.213038714675,43524.213038714675,105155.5340356637,105155.5340356637,810521.7008661774,810521.7008661774,704921.4208452092,704921.4208452092,,,3685.162514058681,3685.162514058681,34021.87167543122,34021.87167543122
45,45.0,16132172.2064458,16132172.2064458,43282.91976028506,43282.91976028506,104638.11477123685,104638.11477123685,824989.5563326774,824989.5563326774,719906.7590226799,719906.7590226799,,,3670.7984193281077,3670.7984193281077,35639.68527042295,35639.68527042295
46,46.0,16118028.635265265,16118028.635265265,43039.37966033074,43039.37966033074,104114.26616877265,104114.26616877265,839376.6062361134,839376.6062361134,734817.7189056337,734817.7189056337,,,3656.1574653422044,3656.1574653422044,37252.00461128382,37252.00461128382
47,47.0,16103968.780595958,16103968.780595958,42793.667208654086,42793.667208654086,103584.15805443682,103584.15805443682,853682.1140476108,853682.1140476108,749653.3941409534,749653.3941409534,,,3641.2448738947933,3641.2448738947933,38858.7130876607,38858.7130876607
48,48.0,16089993.279775409,16089993.279775409,42545.85678523898,42545.85678523898,103047.96076523798,103047.96076523798,867905.3680465929,867905.3680465929,764412.902674117,764412.902674117,,,3626.0659146617545,3626.0659146617545,40459.6901551396,40459.6901551396
49,49.0,16076102.745498853,16076102.745498853,42296.022639655755,42296.022639655755,102505.8450466461,102505.8450466461,882045.6812840754,882045.6812840754,779095.3868148486,779095.3868148486,,,3610.625905492345,3610.625905492345,42054.813642456225,42054.813642456225
50,50.0,16062297.765909059,16062297.765909059,42044.23885134559,42044.23885134559,101957.98195137084,101957.98195137084,896102.3915325756,896102.3915325756,793700.0132882261,793700.0132882261,,,3594.930211217841,3594.930211217841,43643.96119899287,43643.96119899287
51,51.0,16048578.904698392,16048578.904698392,41790.57929077727,41790.57929077727,101404.542739417,101404.542739417,910074.8612229294,910074.8612229294,808225.9732714167,808225.9732714167,,,3578.984241541068,3578.984241541068,45227.01120669869,45227.01120669869
52,52.0,16034946.70122277,16034946.70122277,41535.117581480205,41535.117581480205,100845.69877951864,100845.69877951864,923962.4773683057,923962.4773683057,822672.4824162343,822672.4824162343,,,3562.7934483591885,3562.7934483591885,46803.84335809776,46803.84335809776
53,53.0,16021401.67062728,16021401.67062728,41277.92706296333,41277.92706296333,100281.62145204174,100281.62145204174,937764.6514757129,937764.6514757129,837038.7808577184,837038.7808577184,,,3546.363322740642,3546.363322740642,48374.33902586451,48374.33902586451
54,54.0,16007944.303983081,16007944.303983081,41019.08075453256,41019.08075453256,99712.48205343705,99712.48205343705,951480.8194452955,951480.8194452955,851324.1332089514,851324.1332089514,,,3529.6993916951656,3529.6993916951656,49938.38150205024,49938.38150205024
55,55.0,15994575.068435319,15994575.068435319,40758.651320021105,40758.651320021105,99138.45170231845,99138.45170231845,965110.441457721,965110.441457721,865527.8285423431,865527.8285423431,,,3512.807214824734,3512.807214824734,51495.85615555606,51495.85615555606
56,56.0,15981294.407361701,15981294.407361701,40496.711033447085,40496.711033447085,98559.70124723563,98559.70124723563,978653.0018499658,978653.0018499658,879649.1803576166,879649.1803576166,,,3495.6923809114264,3495.6923809114264,53046.65053809932,53046.65053809932
57,57.0,15968102.740541438,15968102.740541438,40233.33174561177,40233.33174561177,97976.40117620658,97976.40117620658,992108.0089798089,992108.0089798089,893687.5265367454,893687.5265367454,,,3478.3605044783144,3478.3605044783144,54590.65445750294,54590.65445750294
58,58.0,15955000.464334186,15955000.464334186,39968.58485165223,39968.58485165223,97388.72152806909,97388.72152806909,1005474.9950793529,1005474.9950793529,907642.2292860931,907642.2292860931,,,3460.817222347059,3460.817222347059,56127.7600300316,56127.7600300316
59,59.0,15941987.951868707,15941987.951868707,39702.541259559395,39702.541259559395,96796.83180570812,96796.83180570812,1018753.5160978881,1018753.5160978881,921512.675066026,921512.675066026,,,3443.0681902081064,3443.0681902081064,57657.861719076944,57657.861719076944
60,60.0,15929065.553240856,15929065.553240856,39435.27135967268,39435.27135967268,96200.90089121055,96200.90089121055,1031943.1515344268,1031943.1515344268,935298.2745082635,935298.2745082635,,,3425.119079214475,3425.119079214475,59180.856364741965,59180.856364741965
61,61.0,15916233.595720595,15916233.595720595,39166.84499516,39166.84499516,95601.09696299565,95601.09696299565,1045043.5042602323,1045043.5042602323,948998.46232125,948998.46232125,,,3406.975572607052,3406.975572607052,60696.64320716172,60696.64320716172
62,62.0,15903492.38396771,15903492.38396771,38897.33143349102,38897.33143349102,94997.58741496572,94997.58741496572,1058054.2003316742,1058054.2003316742,962612.6971838322,962612.6971838322,,,3388.643362377324,3388.643362377324,62205.12390533232,62205.12390533232
63,63.0,15890842.200255841,15890842.200255841,38626.799338909936,38626.799338909936,94390.53877771717,94390.53877771717,1070974.888793741,1070974.888793741,976140.4616275318,976140.4616275318,,,3370.1281459722004,3370.1281459722004,63706.2025525567,63706.2025525567
64,64.0,15878283.304704523,15878283.304704523,38355.31674591274,38355.31674591274,93780.1166418497,93780.1166418497,1083805.2414745446,1083805.2414745446,989581.2619077137,989581.2619077137,,,3351.4356230447665,3351.4356230447665,65199.78568920333,65199.78568920333
65,65.0,15865815.935518911,15865815.935518911,38082.9510337325,38082.9510337325,93166.48558340616,93166.48558340616,1096544.9527711524,1096544.9527711524,1002934.627863949,1002934.627863949,,,3332.571492254204,3332.571492254204,66685.78231321808,66685.78231321808
66,66.0,15853440.30923681,15853440.30923681,37809.7689018346,37809.7689018346,92549.80909147319,92549.80909147319,1109193.7394270801,1109193.7394270801,1016200.1127698816,1016200.1127698816,,,3313.541448117744,3313.541448117744,68164.10388866972,68164.10388866972
67,67.0,15841156.6209827,15841156.6209827,37535.836346422984,37535.836346422984,91930.2494979693,91930.2494979693,1121751.3403017898,1121751.3403017898,1029377.2931729071,1029377.2931729071,,,3294.3511779172095,3294.3511779172095,69634.66435251167,69634.66435251167
68,68.0,15828965.044728423,15828965.044728423,37261.2186379567,37261.2186379567,91307.96790964244,91307.96790964244,1134217.5161325196,1134217.5161325196,1042465.7687239785,1042465.7687239785,,,3275.0063586624715,3275.0063586624715,71097.38011968086,71097.38011968086
69,69.0,15816865.73356017,15816865.73356017,36985.98029967511,36985.98029967511,90683.12414229703,90683.12414229703,1146592.0492887916,1146592.0492887916,1055465.1619978591,1055465.1619978591,,,3255.5126541139616,3255.5126541139616,72552.17008661776,72552.17008661776
70,70.0,15804858.81995147,15804858.81995147,36710.185087128455,36710.185087128455,90055.87665726633,90055.87665726633,1158874.7435199255,1158874.7435199255,1068375.1183041357,1068375.1183041357,,,3235.875711866213,3235.875711866213,73998.95563326776,73998.95563326776
71,71.0,15792944.416041827,15792944.416041827,36433.89596871004,36433.89596871004,89426.38250014282,89426.38250014282,1171065.4236958986,1171065.4236958986,1081195.3054893198,1081195.3054893198,,,3216.101160494255,3216.101160494255,75437.66062361136,75437.66062361136
72,72.0,15781122.613920681,15781122.613920681,36157.175107184186,36157.175107184186,88794.7972417765,88794.7972417765,1183163.935541881,1183163.935541881,1093925.413730358,1093925.413730358,,,3196.194606764548,3196.194606764548,76868.2114047611,76868.2114047611
73,73.0,15769393.485916374,15769393.485916374,35880.0838422037,35880.0838422037,88161.27492154729,88161.27492154729,1195170.145366779,1195170.145366779,1106565.1553198753,1106565.1553198753,,,3176.161632912006,3176.161632912006,78290.53680465932,78290.53680465932
74,74.0,15757757.0848898,15757757.0848898,35602.68267380946,35602.68267380946,87525.9679929152,87525.9679929152,1207083.9397861145,1207083.9397861145,1119114.2644434767,1119114.2644434767,,,3156.0077939845487,3156.0077939845487,79704.56812840755,79704.56812840755
75,75.0,15746213.444532415,15746213.444532415,35325.03124690336,35325.03124690336,86889.02727124849,86889.02727124849,1218905.2254395667,1218905.2254395667,1131572.4969494338,1131572.4969494338,,,3135.7386152564604,3135.7386152564604,81110.23915325757,81110.23915325757
76,76.0,15734762.579668306,15734762.579668306,35047.18833668514,35047.18833668514,86250.60188392774,86250.60188392774,1230633.928703498,1230633.928703498,1143939.6301110813,1143939.6301110813,,,3115.359589711757,3115.359589711757,82507.48612229296,82507.48612229296
77,77.0,15723404.486559989,15723404.486559989,34769.21183504276,34769.21183504276,85610.8392227204,85610.8392227204,1242269.9953987862,1242269.9953987862,1156215.4623822463,1156215.4623822463,,,3094.876175598609,3094.876175598609,83896.24773683058,83896.24773683058
78,78.0,15712139.143217659,15712139.143217659,34491.15873788489,34491.15873788489,84969.88489841814,84969.88489841814,1253813.3904942742,1253813.3904942742,1168399.813146036,1168399.813146036,,,3074.2937940557663,3074.2937940557663,85276.46514757132,85276.46514757132
79,79.0,15700966.50971156,15700966.50971156,34213.085133403496,34213.085133403496,84327.88269772631,84327.88269772631,1265264.0978061557,1265264.0978061557,1180492.5224573077,1180492.5224573077,,,3053.6178268118024,3053.6178268118024,86648.08194452958,86648.08194452958
80,80.0,15689886.528487211,15689886.528487211,33935.04619125335,33935.04619125335,83684.97454239268,83684.97454239268,1276622.1196935985,1276622.1196935985,1192493.4507791393,1192493.4507791393,,,3032.8536139579023,3032.8536139579023,88011.04414577215,88011.04414577215
81,81.0,15678899.124683183,15678899.124683183,33657.096152635015,33657.096152635015,83041.30045056016,83041.30045056016,1287887.4767509133,1287887.4767509133,1204402.4787136188,1204402.4787136188,,,3012.0064517947876,3012.0064517947876,89365.30018499662,89365.30018499662
82,82.0,15668004.206451133,15668004.206451133,33379.28832126678,33379.28832126678,82396.99850032543,82396.99850032543,1299060.2074965637,1299060.2074965637,1216219.506727272,1216219.506727272,,,2991.081590754262,2991.081590754262,90710.80089798095,90710.80089798095
83,83.0,15657201.665277842,15657201.665277842,33101.67505523054,33101.67505523054,81752.204795484,81752.204795484,1310140.3680593132,1310140.3680593132,1227944.4548714396,1227944.4548714396,,,2970.084233395777,2970.084233395777,92047.49950793534,92047.49950793534
84,84.0,15646491.376308963,15646491.376308963,32824.30775967601,32824.30775967601,81107.05343343929,81107.05343343929,1321128.0318617977,1321128.0318617977,1239577.262497919,1239577.262497919,,,2949.019532478281,2949.019532478281,93375.35160978886,93375.35160978886
85,85.0,15635873.19867421,15635873.19867421,32547.236880367032,32547.236880367032,80461.67647525197,80461.67647525197,1332023.2893018047,1332023.2893018047,1251117.8879701686,1251117.8879701686,,,2927.892589107534,2927.892589107534,94694.31515344273,94694.31515344273
86,86.0,15625346.97581375,15625346.97581375,32270.511898053166,32270.511898053166,79816.20391780324,79816.20391780324,1342826.2474315413,1342826.2474315413,1262566.3083703914,1262566.3083703914,,,2906.7084509589645,2906.7084509589645,96004.35042602327,96004.35042602327
87,87.0,15614912.535805518,15614912.535805518,31994.181323649478,31994.181323649478,79170.76366804475,79170.76366804475,1353537.0296351584,1353537.0296351584,1273922.5192027865,1273922.5192027865,,,2885.472110576052,2885.472110576052,97305.42003316747,97305.42003316747
88,88.0,15604569.691693217,15604569.691693217,31718.29269420695,31718.29269420695,78525.48151930496,78525.48151930496,1364155.775304801,1364155.775304801,1285186.534093271,1285186.534093271,,,2864.1885037441098,2864.1885037441098,98597.48887937414,98597.48887937414
89,89.0,15594318.24181476,15594318.24181476,31442.89256965507,31442.89256965507,77880.48112962168,77880.48112962168,1374682.6395154446,1374682.6395154446,1296358.3844859637,1296358.3844859637,,,2842.862507939273,2842.862507939273,99880.52414745453,99880.52414745453
90,90.0,15584157.97013092,15584157.97013092,31168.026530298812,31168.026530298812,77235.88400206728,77235.88400206728,1385117.7926987703,1385117.7926987703,1307438.1193367133,1307438.1193367133,,,2821.498940852395,2821.498940852395,101154.49527711529,101154.49527711529
91,91.0,15574088.646553958,15574088.646553958,30893.73917505069,30893.73917505069,76591.80946703315,76591.80946703315,1395461.4203163285,1395461.4203163285,1318425.8048039582,1318425.8048039582,,,2800.1025589874753,2800.1025589874753,102419.37394270807,102419.37394270807
92,92.0,15564110.02727599,15564110.02727599,30620.07412037934,30620.07412037934,75948.37466643767,75948.37466643767,1405713.7225322335,1405713.7225322335,1329321.5239371925,1329321.5239371925,,,2778.6780563341536,2778.6780563341536,103675.13403017903,103675.13403017903
93,93.0,15554221.855096912,15554221.855096912,30347.07399995521,30347.07399995521,75305.69453982118,75305.69453982118,1415874.9138856225,1415874.9138856225,1340125.3763633117,1340125.3763633117,,,2757.2300631137387,2757.2300631137387,104921.75161325204,104921.75161325204
94,94.0,15544423.859751629,15544423.859751629,30074.780464973905,30074.780464973905,74663.88181229042,74663.88181229042,1425945.2229631108,1425945.2229631108,1350837.4779711054,1350837.4779711054,,,2735.763144598153,2735.763144598153,106159.20492887925,106159.20492887925
95,95.0,15534715.758236432,15534715.758236432,29803.234185137713,29803.234185137713,74023.0469842731,74023.0469842731,1435924.8920714627,1435924.8920714627,1361457.9605941544,1361457.9605941544,,,2714.281800001109,2714.281800001109,107387.47435199263,107387.47435199263
96,96.0,15525097.255134283,15525097.255134283,29532.474850275426,29532.474850275426,73383.29832304352,73383.29832304352,1445814.1769106982,1445814.1769106982,1371986.9716923956,1371986.9716923956,,,2692.7904614407603,2692.7904614407603,108606.54236958994,108606.54236958994
97,97.0,15515568.042938843,15515568.042938843,29262.541172580874,29262.541172580874,72744.74185597821,72744.74185597821,1455613.346247841,1455613.346247841,1382424.6740325957,1382424.6740325957,,,2671.293492973009,2671.293492973009,109816.39355418817,109816.39355418817
98,98.0,15506127.802377062,15506127.802377062,28993.47088944987,28993.47088944987,72107.48136550047,72107.48136550047,1465322.6815915126,1465322.6815915126,1392771.2453679866,1392771.2453679866,,,2649.795189694586,2649.795189694586,111017.01453667798,111017.01453667798
99,99.0,15496776.202730138,15496776.202730138,28725.300766896115,28725.300766896115,71471.61838567165,71471.61838567165,1474942.4768675703,1474942.4768675703,1403026.8781172938,1403026.8781172938,,,2628.29977691496,2628.29977691496,112208.39397861154,112208.39397861154
100,100.0,15487512.902152691,15487512.902152691,28458.066603525727,28458.066603525727,70837.25220038665,70837.25220038665,1484473.038095974,1484473.038095974,1413191.7790433958,1413191.7790433958,,,2606.811409396084,2606.811409396084,113390.52254395676,113390.52254395676
101,101.0,15478337.547989985,15478337.547989985,28191.80323505082,28191.80323505082,70204.47984313019,70204.47984313019,1493914.68306907,1493914.68306907,1423266.1689318332,1423266.1689318332,,,2585.3341706589213,2585.3341706589213,114563.3928703499,114563.3928703499
102,102.0,15469249.77709303,15469249.77709303,27926.544539321796,27926.544539321796,69573.3960982509,69573.3960982509,1503267.7410314656,1503267.7410314656,1433250.2822693978,1433250.2822693978,,,2563.8720723556585,2563.8720723556585,115726.99953987869,115726.99953987869
103,103.0,15460249.216131428,15460249.216131428,27662.323441859186,27662.323441859186,68944.09350370854,68944.09350370854,1512532.5523616625,1512532.5523616625,1443144.3669230042,1443144.3669230042,,,2542.429053706459,2542.429053706459,116881.33904942748,116881.33904942748
104,104.0,15451335.481903827,15451335.481903827,27399.171921864785,27399.171921864785,68316.66235525068,68316.66235525068,1521709.4682556165,1521709.4682556165,1452948.6838190593,1452948.6838190593,,,2521.0089809995707,2521.0089809995707,118026.40978061562,118026.40978061562
105,105.0,15442508.181645807,15442508.181645807,27137.121018692804,27137.121018692804,67691.1907119741,67691.1907119741,1530798.850412376,1530798.850412376,1462663.5066235284,1462663.5066235284,,,2499.6156471535555,2499.6156471535555,119162.2119693599,119162.2119693599
106,106.0,15433766.913335124,15433766.913335124,26876.200838761557,26876.200838761557,67067.76440322651,67067.76440322651,1539801.0707219518,1539801.0707219518,1472289.1214228892,1472289.1214228892,,,2478.252771340389,2478.252771340389,120288.74767509138,120288.74767509138
107,107.0,15425111.265994143,15425111.265994143,26616.440562886448,26616.440562886448,66446.46703680394,66446.46703680394,1548716.5109555598,1548716.5109555598,1481825.8264061678,1481825.8264061678,,,2456.92399866812,2456.92399866812,121406.0207496564,121406.0207496564
108,108.0,15416540.819989353,15416540.819989353,26357.868454015188,26357.868454015188,65827.38000839888,65827.38000839888,1557545.5624583766,1557545.5624583766,1491273.9315482336,1491273.9315482336,,,2435.632899921777,2435.632899921777,122514.03680593136,122514.03680593136
109,109.0,15408055.147327868,15408055.147327868,26100.51186534634,26100.51186534634,65210.58251225502,65210.58251225502,1566288.6258449368,1566288.6258449368,1500633.7582945318,1500633.7582945318,,,2414.3829713611544,2414.3829713611544,123612.80318617981,123612.80318617981
110,110.0,15399653.811950782,15399653.811950782,25844.3972488126,25844.3972488126,64596.15155298372,64596.15155298372,1574946.1106972967,1574946.1106972967,1509905.6392474223,1509905.6392474223,,,2393.177634574112,2393.177634574112,124702.32893018052,124702.32893018052
111,111.0,15391336.37002331,15391336.37002331,25589.55016391057,25589.55016391057,63984.16195849808,63984.16195849808,1583518.4352660838,1583518.4352660838,1519089.9178542835,1519089.9178542835,,,2372.02023638398,2372.02023638398,125782.62474315419,125782.62474315419
112,112.0,15383102.370221578,15383102.370221578,25335.99528685858,25335.99528685858,63374.6863940206,63374.6863940206,1592006.0261745453,1592006.0261745453,1528186.9480975457,1528186.9480975457,,,2350.91404880965,2350.91404880965,126853.70296351588,126853.70296351588
113,113.0,15374951.354016023,15374951.354016023,25083.756420064958,25083.756420064958,62767.79537712047,62767.79537712047,1600409.3181256992,1600409.3181256992,1537197.0941867956,1537197.0941867956,,,2329.862269076926,2329.862269076926,127915.57753048016,127915.57753048016
114,114.0,15366882.855951272,15366882.855951272,24832.856501889142,24832.856501889142,62163.557293737016,62163.557293737016,1608728.7536126915,1608728.7536126915,1546120.7302531044,1546120.7302531044,,,2308.8680196796786,2308.8680196796786,128968.26395154453,128968.26395154453
115,115.0,15358896.403922472,15358896.403922472,24583.31761667834,24583.31761667834,61562.038415146475,61562.038415146475,1616964.782632453,1616964.782632453,1554958.240045706,1554958.240045706,,,2287.93434848934,2287.93434848934,130011.7792698771,130011.7792698771
116,116.0,15350991.51944794,15350991.51944794,24335.16100506272,24335.16100506272,60963.30291582907,60963.30291582907,1625117.8624027432,1625117.8624027432,1563710.016631172,1563710.016631172,,,2267.0642289112848,2267.0642289112848,131046.14203163292,131046.14203163292
117,117.0,15343167.71793812,15343167.71793812,24088.40707449256,24088.40707449256,60367.41289219444,60367.41289219444,1633188.457082669,1633188.457082669,1572376.4620951952,1572376.4620951952,,,2246.2605600866086,2246.2605600866086,132071.3722532234,132071.3722532234
118,118.0,15335424.508960769,15335424.508960769,23843.075410001078,23843.075410001078,59774.42838212365,59774.42838212365,1641177.0374967512,1641177.0374967512,1580957.9872471087,1580957.9872471087,,,2225.5261671378344,2225.5261671378344,133087.4913885623,133087.4913885623
119,119.0,15327761.396502286,15327761.396502286,23599.18478517692,23599.18478517692,59184.40738528655,59184.40738528655,1649084.080862614,1649084.080862614,1589455.0113272532,1589455.0113272532,,,2204.863801457067,2204.863801457067,134094.52229631113,134094.52229631113
120,120.0,15320177.87922518,15320177.87922518,23356.753173330697,23356.753173330697,58597.40588419391,58597.40588419391,1656910.0705223654,1656910.0705223654,1597867.9617172985,1597867.9617172985,,,2184.2761410351063,2184.2761410351063,135092.4892071463,135092.4892071463
121,121.0,15312673.450721594,15312673.450721594,23115.79775884033,23115.79775884033,58013.47786594457,58013.47786594457,1664655.4956777273,1664655.4956777273,1606197.2736536236,1606197.2736536236,,,2163.765790830061,2163.765790830061,136081.41769106986,136081.41769106986
122,122.0,15305247.599762863,15305247.599762863,22876.33494866028,22876.33494866028,57432.67534462792,57432.67534462792,1672320.8511289775,1672320.8511289775,1614443.389943851,1614443.389943851,,,2143.3352831739694,2143.3352831739694,137061.33462478413,137061.33462478413
123,123.0,15297899.810545053,15297899.810545053,22638.38038398005,22638.38038398005,56855.048384343245,56855.048384343245,1679906.6370177509,1679906.6370177509,1622606.7606866246,1622606.7606866246,,,2122.987078215978,2122.987078215978,138032.2681591513,138032.2681591513
124,124.0,15290629.562930467,15290629.562930467,22401.94895201801,22401.94895201801,56280.645122797934,56280.645122797934,1687413.3585737506,1687413.3585737506,1630687.842994718,1630687.842994718,,,2102.7235644006128,2102.7235644006128,138994.24768675707,138994.24768675707
125,125.0,15283436.33268506,15283436.33268506,22167.05479793643,22167.05479793643,55709.51179544722,55709.51179544722,1694841.5258654098,1694841.5258654098,1638687.1007215562,1638687.1007215562,,,2082.547058979695,2082.547058979695,139947.30380959742,139947.30380959742
126,126.0,15276319.59171178,15276319.59171178,21933.71133686456,21933.71133686456,55141.692760138925,55141.692760138925,1702191.6535545432,1702191.6535545432,1646605.004191217,1646605.004191217,,,2062.459808556467,2062.459808556467,140891.46830690702,140891.46830690702
127,127.0,15269278.808279766,15269278.808279766,21701.93126601652,21701.93126601652,54577.23052222749,54577.23052222749,1709464.2606550234,1709464.2606550234,1654442.0299319911,1654442.0299319911,,,2042.4639896605008,2042.4639896605008,141826.77410314657,141826.77410314657
128,128.0,15262313.447249427,15262313.447249427,21471.726576891484,21471.726576891484,54016.16576012215,54016.16576012215,1716659.870295508,1716659.870295508,1662198.66041356,1662198.66041356,,,2022.5617093519893,2022.5617093519893,142753.25523616627,142753.25523616627
129,129.0,15255422.97029337,15255422.97029337,21243.108567543746,21243.108567543746,53458.5373512352,53458.5373512352,1723779.0094862473,1723779.0094862473,1669875.3837878532,1669875.3837878532,,,2002.7550058540137,2002.7550058540137,143670.94682556167,143670.94682556167
130,130.0,15248606.836113157,15248606.836113157,21016.087854910857,21016.087854910857,52904.3823982967,52904.3823982967,1730822.2088899896,1730822.2088899896,1677472.6936336374,1677472.6936336374,,,1983.0458492114226,1983.0458492114226,144579.88504123763,144579.88504123763
131,131.0,15241864.500651918,15241864.500651918,20790.67438718817,20790.67438718817,52353.73625600323,52353.73625600323,1737790.002597006,1737790.002597006,1684991.088704891,1684991.088704891,,,1963.4361419749591,1963.4361419749591,145480.1070721952,145480.1070721952
132,132.0,15235195.417302785,15235195.417302785,20566.877456238744,20566.877456238744,51806.63255796869,51806.63255796869,1744682.9279042438,1744682.9279042438,1692431.072683006,1692431.072683006,,,1943.9277199092949,1943.9277199092949,146371.651095556,146371.651095556
133,133.0,15228599.037113164,15228599.037113164,20344.705710027843,20344.705710027843,51263.10324394638,51263.10324394638,1751501.5250986216,1751501.5250986216,1699793.153932861,1699793.153932861,,,1924.522352723661,1924.522352723661,147254.5562458377,147254.5562458377
134,134.0,15222074.808984835,15222074.808984835,20124.167165071518,20124.167165071518,50723.17858729203,50723.17858729203,1758246.3372444715,1758246.3372444715,1707077.8452628,1707077.8452628,,,1905.2217448237711,1905.2217448237711,148128.86258449373,148128.86258449373
135,135.0,15215622.17986992,15215622.17986992,19905.26921888932,19905.26921888932,50186.8872226385,50186.8872226385,1764917.9099751317,1764917.9099751317,1714285.6636885493,1714285.6636885493,,,1886.0275360837663,1886.0275360837663,148994.61106972973,148994.61106972973
136,136.0,15209240.59496269,15209240.59496269,19688.01866245143,19688.01866245143,49654.256173753965,49654.256173753965,1771516.7912886885,1771516.7912886885,1721417.130201103,1721417.130201103,,,1866.9413026369284,1866.9413026369284,149851.84352660846,149851.84352660846
137,137.0,15202929.497887235,15202929.497887235,19472.421692611042,19472.421692611042,49125.310881555524,49125.310881555524,1778043.5313478657,1778043.5313478657,1728472.7695385986,1728472.7695385986,,,1847.9645576839378,1847.9645576839378,150700.6026174546,150700.6026174546
138,138.0,15196688.330881033,15196688.330881033,19258.48392451273,19258.48392451273,48600.075232251904,48600.075232251904,1784498.682284053,1784498.682284053,1735453.1099622035,1735453.1099622035,,,1829.0987523174667,1829.0987523174667,151540.93181257,151540.93181257
139,139.0,15190516.534974413,15190516.534974413,19046.21040396867,19046.21040396867,48078.57158558899,48078.57158558899,1790882.7980054666,1790882.7980054666,1742358.6830360314,1742358.6830360314,,,1810.3452763619362,1810.3452763619362,152372.87536126922,152372.87536126922
140,140.0,15184413.550165936,15184413.550165936,18835.605619794165,18835.605619794165,47560.820803173316,47560.820803173316,1797196.434009427,1797196.434009427,1749190.0234110972,1749190.0234110972,,,1791.7054592272798,1791.7054592272798,153196.47826324534,153196.47826324534
141,141.0,15178378.815593733,15178378.815593733,18626.673516094634,18626.673516094634,47046.8422768492,47046.8422768492,1803440.1471987418,1803440.1471987418,1755947.6686133253,1755947.6686133253,,,1773.1805707755934,1773.1805707755934,154011.78624027435,154011.78624027435
142,142.0,15172411.769702788,15172411.769702788,18419.417504496625,18419.417504496625,46536.65395710612,46536.65395710612,1809614.4957021736,1809614.4957021736,1762632.1588356101,1762632.1588356101,,,1754.7718221995644,1754.7718221995644,154818.84570826695,154818.84570826695
143,143.0,15166511.850408252,15166511.850408252,18213.840476315636,18213.840476315636,46030.27238149369,46030.27238149369,1815720.0386989757,1815720.0386989757,1769244.0367339402,1769244.0367339402,,,1736.4803669116145,1736.4803669116145,155617.7037496752,155617.7037496752
144,144.0,15160678.495254748,15160678.495254748,18009.944814653772,18009.944814653772,45527.71270302261,45527.71270302261,1821757.3362474707,1821757.3362474707,1775783.8472275771,1775783.8472275771,,,1718.307301442708,1718.307301442708,156408.40808626148,156408.40808626148
145,145.0,15154911.141571758,15154911.141571758,17807.732406420822,17807.732406420822,45028.98871853054,45028.98871853054,1827726.9491176498,1827726.9491176498,1782252.1373032916,1782252.1373032916,,,1700.2536663498072,1700.2536663498072,157191.00705223661,157191.00705223661
146,146.0,15149209.226625089,15149209.226625089,17607.20465427246,17607.20465427246,44534.112896992745,44534.112896992745,1833629.4386277653,1833629.4386277653,1788649.4558236464,1788649.4558236464,,,1682.3204471309864,1682.3204471309864,157965.5495677728,157965.5495677728
147,147.0,15143572.18776446,15143572.18776446,17408.362488459676,17408.362488459676,44043.0964077583,44043.0964077583,1839465.3664848872,1839465.3664848872,1794976.353339322,1794976.353339322,,,1664.508575147242,1664.508575147242,158732.08511289782,158732.08511289782
148,148.0,15137999.462567259,15137999.462567259,17211.206378583858,17211.206378583858,43555.94914869317,43555.94914869317,1845235.2946293945,1845235.2946293945,1801233.3819054638,1801233.3819054638,,,1646.8189285500619,1646.8189285500619,159490.66370177516,159490.66370177516
149,149.0,15132490.488978487,15132490.488978487,17015.736345252186,17015.736345252186,43072.679774212505,43072.679774212505,1850939.7850833673,1850939.7850833673,1807421.0949020486,1807421.0949020486,,,1629.2523332138533,1629.2523332138533,160241.33585737512,160241.33585737512
150,150.0,15127044.705446946,15127044.705446946,16821.951971628358,16821.951971628358,42593.29572318497,42593.29572318497,1856579.3998028473,1856579.3998028473,1813540.046858241,1813540.046858241,,,1611.8095636723442,1611.8095636723442,160984.15258654102,160984.15258654102
151,151.0,15121661.5510577,15121661.5510577,16629.852414873978,16629.852414873978,42117.80324669312,42117.80324669312,1862154.700533931,1862154.700533931,1819590.7932807305,1819590.7932807305,,,1594.4913440581129,1594.4913440581129,161719.16535545437,161719.16535545437
152,152.0,15116340.465660868,15116340.465660868,16439.43641747603,16439.43641747603,41646.20743563406,41646.20743563406,1867666.248672656,1867666.248672656,1825573.8904860194,1825573.8904860194,,,1577.2983490444196,1577.2983490444196,162446.4260655024,162446.4260655024
153,153.0,15111080.88999675,15111080.88999675,16250.70231845644,16250.70231845644,41178.51224814577,41178.51224814577,1873114.6051286447,1873114.6051286447,1831489.8954366457,1831489.8954366457,,,1560.231204788549,1560.231204788549,163165.98702955086,163165.98702955086
154,154.0,15105882.265817389,15105882.265817389,16063.64806445975,16063.64806445975,40714.72053684503,40714.72053684503,1878500.3301924642,1878500.3301924642,1837339.3655813057,1837339.3655813057,,,1543.2904898758914,1543.2904898758914,163877.90094862477,163877.90094862477
155,155.0,15100744.036004564,15100744.036004564,15878.271220715218,15878.271220715218,40254.83407586337,40254.83407586337,1883823.98340666,1883823.98340666,1843122.8586988572,1843122.8586988572,,,1526.4767362640293,1526.4767362640293,164582.220888999,164582.220888999
156,156.0,15095665.64468429,15095665.64468429,15694.568981870041,15694.568981870041,39798.8535876688,39798.8535876688,1889086.1234404242,1889086.1234404242,1848840.9327461694,1848840.9327461694,,,1509.7904302261077,1509.7904302261077,165279.00025970064,165279.00025970064
157,157.0,15090646.53733786,15090646.53733786,15512.538182690598,15512.538182690598,39346.77876966081,39346.77876966081,1894287.307967851,1894287.307967851,1854494.1457097856,1854494.1457097856,,,1493.232013292813,1493.232013292813,165968.29279042443,165968.29279042443
158,158.0,15085686.16090947,15085686.16090947,15332.175308628663,15332.175308628663,38898.608320527834,38898.608320527834,1899428.0935497375,1899428.0935497375,1860083.0554613722,1860083.0554613722,,,1476.8018831922927,1476.8018831922927,166650.1525098622,166650.1525098622
159,159.0,15080783.96391048,15080783.96391048,15153.476506250086,15153.476506250086,38454.339966356034,38454.339966356034,1904509.035518884,1904509.035518884,1865608.2196169135,1865608.2196169135,,,1460.500394787386,1460.500394787386,167324.6337244472,167324.6337244472
160,160.0,15075939.39652038,15075939.39652038,14976.437593523427,14976.437593523427,38013.97048647957,38013.97048647957,1909530.687868846,1909530.687868846,1871070.195399617,1871070.195399617,,,1444.3278610095595,1444.3278610095595,167991.79099751322,167991.79099751322
161,161.0,15071151.910684478,15071151.910684478,14801.054069966262,14801.054069966262,37577.495739063044,37577.495739063044,1914493.6031460944,1914493.6031460944,1876469.5395064945,1876469.5395064945,,,1428.2845537889673,1428.2845537889673,168651.6791288689,168651.6791288689
162,162.0,15066420.96020837,15066420.96020837,14627.321126647274,14627.321126647274,37144.910686406874,37144.910686406874,1919398.33234553,1919398.33234553,1881806.8079785772,1881806.8079785772,,,1412.3707049800767,1412.3707049800767,169304.35313478662,169304.35313478662
163,163.0,15061746.000849264,15061746.000849264,14455.233656042266,14455.233656042266,36716.20941996784,36716.20941996784,1924245.4248093115,1924245.4248093115,1887082.5560747262,1887082.5560747262,,,1396.5865072823303,1396.5865072823303,169949.86822840536,169949.86822840536
164,164.0,15057126.490404177,15057126.490404177,14284.786261742429,14284.786261742429,36291.385185086605,36291.385185086605,1929035.4281289424,1929035.4281289424,1892297.3381489941,1892297.3381489941,,,1380.9321151553386,1380.9321151553386,170588.27980054673,170588.27980054673
165,165.0,15052561.888795068,15052561.888795068,14115.973268013498,14115.973268013498,35870.43040541564,35870.43040541564,1933768.8880505683,1933768.8880505683,1897451.707531503,1897451.707531503,,,1365.407645728121,1365.407645728121,171219.6434009428,171219.6434009428
166,166.0,15048051.658150973,15048051.658150973,13948.788729204625,13948.788729204625,35453.33670704031,35453.33670704031,1938446.348383438,1938446.348383438,1902546.2164127836,1902546.2164127836,,,1350.0131797019326,1350.0131797019326,171844.01471987428,171844.01471987428
167,167.0,15043595.262887161,15043595.262887161,13783.226439005726,13783.226439005726,35040.094942287695,35040.094942287695,1943068.3509114732,1943068.3509114732,1907581.4157315446,1907581.4157315446,,,1334.7487622462481,1334.7487622462481,172461.44957021746,172461.44957021746
168,168.0,15039192.169781415,15039192.169781415,13619.279939552633,13619.279939552633,34630.69521321704,34630.69521321704,1947635.4353078995,1947635.4353078995,1912557.8550658145,1912557.8550658145,,,1319.6144038874813,1319.6144038874813,173072.00386989766,173072.00386989766
169,169.0,15034841.848047411,15034841.848047411,13456.942530379152,13456.942530379152,34225.12689478717,34225.12689478717,1952148.1390528881,1952148.1390528881,1917476.0825274214,1917476.0825274214,,,1304.610081390057,1304.610081390057,173675.73362474714,173675.73362474714
170,170.0,15030543.769405331,15030543.769405331,13296.207277215572,13296.207277215572,33823.37865769595,33823.37865769595,1956606.997354154,1956606.997354154,1922336.6446597564,1922336.6446597564,,,1289.7357386294639,1289.7357386294639,174272.69491176505,174272.69491176505
171,171.0,15026297.408149702,15026297.408149702,13137.067020633089,13137.067020633089,33425.43849088786,33425.43849088786,1961012.543070462,1961012.543070462,1927140.086338776,1927140.086338776,,,1274.9912874569359,1274.9912874569359,174862.9438627766,174862.9438627766
172,172.0,15022102.241214542,15022102.241214542,12979.514384534066,12979.514384534066,33031.29372372595,33031.29372372595,1965365.3066379898,1965365.3066379898,1931886.950677196,1931886.950677196,,,1260.3766085554435,1260.3766085554435,175446.5366484888,175446.5366484888
173,173.0,15017957.748235855,15017957.748235855,12823.541784487777,12823.541784487777,32640.931047824797,32640.931047824797,1969665.8159994935,1969665.8159994935,1936577.778931831,1936577.778931831,,,1245.8915522866819,1245.8915522866819,176023.52946293954,176023.52946293954
174,174.0,15013863.41161152,15013863.41161152,12669.141435911799,12669.141435911799,32254.336538541764,32254.336538541764,1973914.5965362268,1973914.5965362268,1941213.1104140247,1941213.1104140247,,,1231.5359395287715,1231.5359395287715,176593.9785083368,176593.9785083368
175,175.0,15009818.716558646,15009818.716558646,12516.305362099094,12516.305362099094,31871.495676124032,31871.495676124032,1978112.171002562,1978112.171002562,1945793.4824031286,1945793.4824031286,,,1217.309562504402,1217.309562504402,177157.9399802848,177157.9399802848
176,176.0,15005823.15116842,15005823.15116842,12365.02540209111,12365.02540209111,31492.393366509357,31492.393366509357,1982259.0594632602,1982259.0594632602,1950319.4300629774,1950319.4300629774,,,1203.212185599173,1203.212185599173,177715.4700533932,177715.4700533932
177,177.0,15001876.206458515,15001876.206458515,12215.293218397159,12215.293218397159,31117.013961778855,31117.013961778855,1986355.7792333416,1986355.7792333416,1954791.4863613066,1954791.4863613066,,,1189.2435461698942,1189.2435461698942,178266.6248672657,178266.6248672657
178,178.0,14997977.376423104,14997977.376423104,12067.100304560687,12067.100304560687,30745.34128026051,30745.34128026051,1990402.8448205013,1990402.8448205013,1959210.1819920733,1959210.1819920733,,,1175.4033553426432,1175.4033553426432,178811.46051286458,178811.46051286458
179,179.0,14994126.158080522,14994126.158080522,11920.437992572859,11920.437992572859,30377.35862628236,30377.35862628236,1994400.7678700236,1994400.7678700236,1963576.0453006204,1963576.0453006204,,,1161.6912988003737,1161.6912988003737,179350.0330192465,179350.0330192465
180,180.0,14990322.051518653,14990322.051518653,11775.297460134338,11775.297460134338,30013.048809574768,30013.048809574768,1998350.0571121415,1998350.0571121415,1967889.6022116363,1967889.6022116363,,,1148.1070375598968,1148.1070375598968,179882.39834066608,179882.39834066608
181,181.0,14986564.559938047,14986564.559938047,11631.669737765857,11631.669737765857,29652.394164321366,29652.394164321366,2002251.2183117915,2002251.2183117915,1972151.3761598647,1972151.3761598647,,,1134.6502087380807,1134.6502087380807,180408.6123440425,180408.6123440425
182,182.0,14982853.18969286,14982853.18969286,11489.545715768549,11489.545715768549,29295.37656785868,29295.37656785868,2006104.7542207139,2006104.7542207139,1976361.8880235092,1976361.8880235092,,,1121.3204263071084,1121.3204263071084,180928.73079678518,180928.73079678518
183,183.0,14979187.450329654,14979187.450329654,11348.916151034986,11348.916151034986,28941.977459024652,28941.977459024652,2009911.1645318477,2009911.1645318477,1980521.6560602835,1980521.6560602835,,,1108.1172818386722,1108.1172818386722,181442.80935497384,181442.80935497384
184,184.0,14975566.85462407,14975566.85462407,11209.771673711939,11209.771673711939,28592.17785615661,28592.17785615661,2013670.9458359722,2013670.9458359722,1984631.195846059,1984631.195846059,,,1095.040345236976,1095.040345236976,181950.90355188848,181950.90355188848
185,185.0,14971990.918615485,14971990.918615485,11072.102793715974,11072.102793715974,28245.95837473944,28245.95837473944,2017384.5915805434,2017384.5915805434,1988691.0202160573,1988691.0202160573,,,1082.0891654604543,1082.0891654604543,182453.06878688472,182453.06878688472
186,186.0,14968459.161639648,14968459.161639648,10935.899907103096,10935.899907103096,27903.299244705013,27903.299244705013,2021052.59203068,2021052.59203068,1992701.6392085403,1992701.6392085403,,,1069.2632712321047,1069.2632712321047,182949.36031460954,182949.36031460954
187,187.0,14964971.106359372,14964971.106359372,10801.153302293666,10801.153302293666,27564.1803273842,27564.1803273842,2024675.4342322461,2024675.4342322461,1996663.5600109468,1996663.5600109468,,,1056.5621717383676,1056.5621717383676,183439.8332345531,183439.8332345531
188,188.0,14961526.278793307,14961526.278793307,10667.85316615391,10667.85316615391,27228.581132112868,27228.581132112868,2028253.6019769874,2028253.6019769874,2000577.2869084235,2000577.2869084235,,,1043.9853573164792,1043.9853573164792,183924.54248093127,183924.54248093127
189,189.0,14958124.208342861,14958124.208342861,10535.989589935372,10535.989589935372,26896.480832493733,26896.480832493733,2031787.575769669,2031787.575769669,2004443.3212347082,2004443.3212347082,,,1031.532300130255,1031.532300130255,184403.54281289436,184403.54281289436
190,190.0,14954764.4278173,14954764.4278173,10405.55257507386,10405.55257507386,26567.858282315843,26567.858282315843,2035277.8327971704,2035277.8327971704,2008262.1613253066,2008262.1613253066,,,1019.2024548342546,1019.2024548342546,184876.88880505695,184876.88880505695
191,191.0,14951446.473457089,14951446.473457089,10276.53203884912,10276.53203884912,26242.692031133978,26242.692031133978,2038724.8468994908,2038724.8468994908,2012034.3024729236,2012034.3024729236,,,1006.9952592263039,1006.9952592263039,185344.63483834392,185344.63483834392
192,192.0,14948169.884955486,14948169.884955486,10148.917819907087,10148.917819907087,25920.960339510122,25920.960339510122,2042129.088542617,2042129.088542617,2015760.236885092,2015760.236885092,,,994.9101348883554,994.9101348883554,185806.83509114743,185806.83509114743
193,193.0,14944934.20547847,14944934.20547847,10022.699683645995,10022.699683645995,25602.641193919637,25602.641193919637,2045491.024793209,2045491.024793209,2019440.4536439588,2019440.4536439588,,,982.9464878156741,982.9464878156741,186263.54353079008,186263.54353079008
194,194.0,14941738.98168303,14941738.98168303,9897.867327468139,9897.867327468139,25287.712321324703,25287.712321324703,2048811.1192950613,2048811.1192950613,2023075.4386681723,2023075.4386681723,,,971.1037090343588,971.1037090343588,186714.81390528893,186714.81390528893
195,195.0,14938583.763733845,14938583.763733845,9774.410385898887,9774.410385898887,24976.15120341782,24976.15120341782,2052089.8322472891,2052089.8322472891,2026665.6746768323,2026665.6746768323,,,959.3811752071999,959.3811752071999,187160.69973541552,187160.69973541552
196,196.0,14935468.105318433,14935468.105318433,9652.318435574613,9652.318435574613,24667.935090538398,24667.935090538398,2055327.6203842014,2055327.6203842014,2030211.641155448,2030211.641155448,,,947.7782492279044,947.7782492279044,187601.25430704633,187601.25430704633
197,197.0,14932391.563660763,14932391.563660763,9531.581000101287,9531.581000101287,24363.04101526545,24363.04101526545,2058524.936956814,2058524.936956814,2033713.8143238632,2033713.8143238632,,,936.294280803708,936.294280803708,188036.53066379912,188036.53066379912
198,198.0,14929353.69953342,14929353.69953342,9412.187554785467,9412.187554785467,24061.44580568965,24061.44580568965,2061682.2317159618,2061682.2317159618,2037172.6671060992,2037172.6671060992,,,924.9286070264167,924.9286070264167,188466.58159994948,188466.58159994948
199,199.0,14926354.077268314,14926354.077268314,9294.127531239466,9294.127531239466,23763.126098368037,23763.126098368037,2064799.950896966,2064799.950896966,2040588.6691020706,2040588.6691020706,,,913.6805529319215,913.6805529319215,188891.45965362282,188891.45965362282
200,200.0,14923392.264766034,14923392.264766034,9177.390321862458,9177.390321862458,23468.05835096485,23468.05835096485,2067878.5372058162,2067878.5372058162,2043962.2865611315,2043962.2865611315,,,902.549432048238,902.549432048238,189311.21710025633,189311.21710025633
201,201.0,14920467.83350381,14920467.83350381,9061.96528419939,9061.96528419939,23176.218854582046,23176.218854582046,2070918.4298068266,2070918.4298068266,2047293.982357402,2047293.982357402,,,891.5345469321318,891.5345469321318,189725.90594632615,189725.90594632615
202,202.0,14917580.358542193,14917580.358542193,8947.841745179498,8947.841745179498,22887.58374578309,22887.58374578309,2073920.0643117232,2073920.0643117232,2050584.2159668377,2050584.2159668377,,,880.635189694393,880.635189694393,190135.5779233343,190135.5779233343
203,203.0,14914729.41853045,14914729.41853045,8835.009005236248,8835.009005236248,22602.12901831379,22602.12901831379,2076883.8727701257,2076883.8727701257,2053833.4434459927,2053833.4434459927,,,869.8506425138377,869.8506425138377,190540.28448205025,190540.28448205025
204,204.0,14911914.595710723,14911914.595710723,8723.456342310621,8723.456342310621,22319.830534523942,22319.830534523942,2079810.2836613837,2079810.2836613837,2057042.1174124363,2057042.1174124363,,,859.1801781401086,859.1801781401086,190940.07678700247,190940.07678700247
205,205.0,14909135.475920979,14909135.475920979,8613.173015739583,8613.173015739583,22040.664036493712,22040.664036493712,2082699.7218877254,2082699.7218877254,2060210.6870267806,2060210.6870267806,,,848.6230603853645,848.6230603853645,191335.00571121424,191335.00571121424
206,206.0,14906391.648596814,14906391.648596814,8504.148270031581,8504.148270031581,21764.605156868667,21764.605156868667,2085552.6087686874,2085552.6087686874,2063339.5979762771,2063339.5979762771,,,838.1785446049454,838.1785446049454,191725.12183117922,191725.12183117922
207,207.0,14903682.706772113,14903682.706772113,8396.371338531018,8396.371338531018,21491.629429407432,21491.629429407432,2088369.3620367812,2088369.3620367812,2066429.2924599391,2066429.2924599391,75881.88885245667,75881.88885245667,827.8458781671088,827.8458781671088,192110.47542207144,192110.47542207144
208,208.0,14901008.24707862,14901008.24707862,8289.83144697355,8289.83144697355,21221.712299246097,21221.712299246097,2091150.3958343652,2091150.3958343652,2069480.209175152,2069480.209175152,75015.92711503775,75015.92711503775,817.6243009119357,817.6243009119357,192491.11645318483,192491.11645318483
209,209.0,14898367.869744444,14898367.869744444,8184.517816934091,8184.517816934091,20954.829132883428,20954.829132883428,2093896.120711683,2093896.120711683,2072492.7833057286,2072492.7833057286,74157.725040603,74157.725040603,807.5130455995123,807.5130455995123,192867.0945835973,192867.0945835973
210,210.0,14895761.178591555,14895761.178591555,8080.419669169459,8080.419669169459,20690.955227891016,20690.955227891016,2096606.9436260336,2096606.9436260336,2075467.4465113734,2075467.4465113734,73307.26384279729,73307.26384279729,797.5113383474928,797.5113383474928,193238.4591580544,193238.4591580544
211,211.0,14893187.781032264,14893187.781032264,7977.526226857513,7977.526226857513,20430.065822352597,20430.065822352597,2099283.2679420384,2099283.2679420384,2078404.6269185129,2078404.6269185129,72464.52345389832,72464.52345389832,787.6183990581569,787.6183990581569,193605.25920306807,193605.25920306807
212,212.0,14890647.28806476,14890647.28806476,7875.826718734681,7875.826718734681,20172.136104036712,20172.136104036712,2101925.4934329703,2101925.4934329703,2081304.7491124552,2081304.7491124552,71629.48255883234,71629.48255883234,777.8334418350765,777.8334418350765,193967.54342322468,193967.54342322468
213,213.0,14888139.314267702,14888139.314267702,7775.310382133779,7775.310382133779,19917.14121930695,19917.14121930695,2104534.016283115,2104534.016283115,2084168.2341308414,2084168.2341308414,70802.11863049792,70802.11863049792,768.1556753895107,768.1556753895107,194325.36019769878,194325.36019769878
214,214.0,14885663.477793934,14885663.477793934,7675.966465923972,7675.966465923972,19665.05628177402,19665.05628177402,2107109.2290911246,2107109.2290911246,2086995.4994583526,2086995.4994583526,69982.40796847135,69982.40796847135,758.5843034366508,758.5843034366508,194678.75757696692,194678.75757696692
215,215.0,14883219.400363302,14883219.400363302,7577.78423335476,7577.78423335476,19415.856380693975,19415.856380693975,2109651.5208743378,2109651.5208743378,2089786.9590226335,2089786.9590226335,69170.32574413002,69170.32574413002,749.1185250818389,749.1185250818389,195027.78327971706,195027.78327971706
216,216.0,14880806.707254663,14880806.707254663,7480.752964805879,7480.752964805879,19169.516589116796,19169.516589116796,2112161.2770740315,2112161.2770740315,2092543.0231913978,2092543.0231913978,68365.8460561948,68365.8460561948,739.7575351968903,739.7575351968903,195372.4846899491,195372.4846899491
217,217.0,14878425.027297068,14878425.027297068,7384.861960444922,7384.861960444922,18926.011971789685,18926.011971789685,2114638.8795615733,2114638.8795615733,2095264.09877068,2095264.09877068,67568.94200165532,67568.94200165532,730.5005247866441,730.5005247866441,195712.9088542617,195712.9088542617
218,218.0,14876073.992860166,14876073.992860166,7290.100542794564,7290.100542794564,18685.317592819338,18685.317592819338,2117084.7066454464,2117084.7066454464,2097950.589004201,2097950.589004201,66779.58576800632,66779.58576800632,721.3466813458793,721.3466813458793,196049.10247932092,196049.10247932092
219,219.0,14873753.239843866,14873753.239843866,7196.4580592111815,7196.4580592111815,18447.4085230975,18447.4085230975,2119499.133079114,2119499.133079114,2100602.893573808,2100602.893573808,65997.74875368699,65997.74875368699,712.2951892067247,712.2951892067247,196381.11192950615,196381.11192950615
220,220.0,14871462.407667248,14871462.407667248,7103.923884276749,7103.923884276749,18212.25984749404,18212.25984749404,2121882.5300696953,2121882.5300696953,2103221.4086009627,2103221.4086009627,65223.40172457829,65223.40172457829,703.3452298767019,703.3452298767019,196708.98322472893,196708.98322472893
221,221.0,14869201.13925682,14869201.13925682,7012.487422105739,7012.487422105739,17979.84667182194,17979.84667182194,2124235.265287426,2124235.265287426,2105806.5266492357,2105806.5266492357,64456.515015378034,64456.515015378034,694.4959823675355,694.4959823675355,197032.76203842016,197032.76203842016
222,222.0,14866969.081034053,14866969.081034053,6922.138108568888,6922.138108568888,17750.144129578337,17750.144129578337,2126557.7028758717,2126557.7028758717,2108358.6367277834,2108358.6367277834,63697.058785636014,63697.058785636014,685.7466235148697,685.7466235148697,197352.49369568142,197352.49369568142
223,223.0,14864765.88290231,14864765.88290231,6832.865413435532,6832.865413435532,17523.127388465975,17523.127388465975,2128850.2034628727,2128850.2034628727,2110878.1242957716,2110878.1242957716,62945.00334119618,62945.00334119618,677.09632828903,677.09632828903,197668.2231715962,197668.2231715962
224,224.0,14862591.198233131,14862591.198233131,6744.658842436363,6744.658842436363,17298.7716566992,17298.7716566992,2131113.1241721846,2131113.1241721846,2113365.371267716,2113365.371267716,62200.31953275569,62200.31953275569,668.5442700969709,668.5442700969709,197979.99508969663,197979.99508969663
225,225.0,14860444.68385193,14860444.68385193,6657.507939248242,6657.507939248242,17077.052189098835,17077.052189098835,2133346.8186357985,2133346.8186357985,2115820.756019705,2115820.756019705,61462.97924421505,61462.97924421505,660.0896210755484,660.0896210755484,198287.85372058165,198287.85372058165
226,226.0,14858326.000023114,14858326.000023114,6571.402287402872,6571.402287402872,16857.94429298003,16857.94429298003,2135551.637006907,2135551.637006907,2118244.653396484,2118244.653396484,60732.955984456705,60732.955984456705,651.7315523762619,651.7315523762619,198591.8429806827,198591.8429806827
227,227.0,14856234.810434664,14856234.810434664,6486.331512121015,6486.331512121015,16641.423333837327,16641.423333837327,2137727.9259734945,2137727.9259734945,2120637.434719359,2120637.434719359,60010.225597153236,60010.225597153236,643.4692344416054,643.4692344416054,198892.00643117234,198892.00643117234
228,228.0,14854170.78218217,14854170.78218217,6402.285282073909,6402.285282073909,16427.46474083096,16427.46474083096,2139876.028772527,2139876.028772527,2122999.4677949054,2122999.4677949054,59294.76710417016,59294.76710417016,635.30183727317,635.30183727317,199188.3872770126,199188.3872770126
229,229.0,14852133.585752385,14852133.585752385,6319.253311073608,6319.253311073608,16216.04401207871,16216.04401207871,2141996.285204718,2141996.285204718,2125331.116924443,2125331.116924443,58586.5636990915,58586.5636990915,627.2285306916419,627.2285306916419,199481.02836613837,199481.02836613837
230,230.0,14850122.895006275,14850122.895006275,6237.225359693835,6237.225359693835,16007.136719757154,16007.136719757154,2144089.031649846,2144089.031649846,2127632.7429142515,2127632.7429142515,57885.60390836039,57885.60390836039,619.2484845888387,619.2484845888387,199769.97218877255,199769.97218877255
231,231.0,14848138.387161631,14848138.387161631,6156.191236823026,6156.191236823026,15800.71851501653,15800.71851501653,2146154.601082599,2146154.601082599,2129904.703086506,2129904.703086506,57191.88293849023,57191.88293849023,611.3608691719226,611.3608691719226,200055.2608768687,200055.2608768687
232,232.0,14846179.742775213,14846179.742775213,6076.140801151145,6076.140801151145,15596.765132713103,15596.765132713103,2148193.323088928,2148193.323088928,2132147.3512908984,2132147.3512908984,56505.4042287656,56505.4042287656,603.5648551999388,603.5648551999388,200336.9362036781,200336.9362036781
233,233.0,14844246.6457245,14844246.6457245,5997.063962591847,5997.063962591847,15395.252395963116,15395.252395963116,2150205.5238828855,2150205.5238828855,2134361.0379169225,2134361.0379169225,55826.181229815826,55826.181229815826,595.8596142128163,595.8596142128163,200615.03958343653,200615.03958343653
234,234.0,14842338.783189015,14842338.783189015,5918.950683641572,5918.950683641572,15196.156220522162,15196.156220522162,2152191.526323924,2152191.526323924,2136546.109906797,2136546.109906797,55154.23942940736,55154.23942940736,588.244318752975,588.244318752975,200889.61207116835,200889.61207116835
235,235.0,14840455.845631303,14840455.845631303,5841.790980677111,5841.790980677111,14999.452618993884,14999.452618993884,2154151.649934644,2154151.649934644,2138702.9107690025,2138702.9107690025,54489.618647765,54489.618647765,580.7181425796805,580.7181425796805,201160.6943626034,201160.6943626034
236,236.0,14838597.526777502,14838597.526777502,5765.574925193149,5765.574925193149,14805.117704871916,14805.117704871916,2156086.2109189555,2156086.2109189555,2140831.78059241,2140831.78059241,53832.37562569538,53832.37562569538,573.2802608762845,573.2802608762845,201428.32679420387,201428.32679420387
237,237.0,14836763.523597607,14836763.523597607,5690.292644981303,5690.292644981303,14613.127696418767,14613.127696418767,2157995.5221806513,2157995.5221806513,2142933.056060969,2142933.056060969,53182.58692974954,53182.58692974954,565.929850450495,565.929850450495,201692.54934329705,201692.54934329705
238,238.0,14834953.536285395,14834953.536285395,5615.934325252115,5615.934325252115,14423.458920385488,14423.458920385488,2159879.893342357,2159879.893342357,2145007.070468943,2145007.070468943,52540.35219962508,52540.35219962508,558.6660899278102,558.6660899278102,201953.40162831152,201953.40162831152
239,239.0,14833167.26823803,14833167.26823803,5542.490209701453,5542.490209701453,14236.087815575796,14236.087815575796,2161739.6307648495,2161739.6307648495,2147054.1537366677,2147054.1537366677,51905.79776397199,51905.79776397199,551.4881599382594,551.4881599382594,202210.9229091125,202210.9229091125
240,240.0,14831404.426035395,14831404.426035395,5469.950601522763,5469.950601522763,14050.990936258344,14050.990936258344,2163575.03756672,2163575.03756672,2149074.6324267997,2149074.6324267997,51279.08065172926,51279.08065172926,544.3952432965833,544.3952432965833,202465.15208743382,202465.15208743382
241,241.0,14829664.719419131,14829664.719419131,5398.305864366567,5398.305864366567,13868.14495543072,13868.14495543072,2165386.4136443683,2165386.4136443683,2151068.829761048,2151068.829761048,50660.39302708347,50660.39302708347,537.3865251759931,537.3865251759931,202716.12770740318,202716.12770740318
242,242.0,14827947.861271432,14827947.861271432,5327.546423248615,5327.546423248615,13687.526667938784,13687.526667938784,2167174.055692304,2167174.055692304,2153037.06563736,2153037.06563736,50049.96707710351,50049.96707710351,530.4611932756434,530.4611932756434,202963.88795615736,202963.88795615736
243,243.0,14826253.567593573,14826253.567593573,5257.662765407998,5257.662765407998,13509.112993454852,13509.112993454852,2168938.2572237467,2168938.2572237467,2154979.6566475425,2154979.6566475425,49448.08038206937,49448.08038206937,523.6184379819496,523.6184379819496,203208.4706645447,203208.4706645447
244,244.0,14824581.557484245,14824581.557484245,5188.645441116621,5188.645441116621,13332.880979318203,13332.880979318203,2170679.308591501,2170679.308591501,2156896.916095299,2156896.916095299,48855.061799476,48855.061799476,516.8574525238877,516.8574525238877,203449.91330791145,203449.91330791145
245,245.0,14822931.553117635,14822931.553117635,5120.485064441331,5120.485064441331,13158.807803241301,13158.807803241301,2172397.497009094,2172397.497009094,2158789.154014663,2158789.154014663,48271.29789365719,48271.29789365719,510.17743312240276,510.17743312240276,203688.2530069696,203688.2530069696
246,246.0,14821303.279721327,14821303.279721327,5053.1723139599735,5053.1723139599735,12986.870775885163,12986.870775885163,2174093.106572161,2174093.106572161,2160656.6771888062,2160656.6771888062,47697.23994393727,47697.23994393727,503.57757913405976,503.57757913405976,203923.52652874266,203923.52652874266
247,247.0,14819696.465554029,14819696.465554029,4986.6979334326725,4986.6979334326725,12817.04734330712,12817.04734330712,2175766.4182800595,2175766.4182800595,2162499.78916921,2162499.78916921,47133.411565182134,47133.411565182134,497.0570931890638,497.0570931890638,204155.77028758722,204155.77028758722
248,248.0,14818110.84188309,14818110.84188309,4921.052732429564,4921.052732429564,12649.315089284333,12649.315089284333,2177417.7100577033,2177417.7100577033,2164318.790295174,2164318.790295174,46580.41697558458,46580.41697558458,490.61518132377773,490.61518132377773,204385.02034628732,204385.02034628732
249,249.0,14816546.142961897,14816546.142961897,4856.227586916215,4856.227586916215,12483.651737516167,12483.651737516167,2179047.2567775943,2179047.2567775943,2166113.977713649,2166113.977713649,46038.94994748188,46038.94994748188,484.25105310786324,484.25105310786324,204611.3124172185,204611.3124172185
250,250.0,14815002.106007095,14815002.106007095,4792.213439797933,4792.213439797933,12320.03515370869,12320.03515370869,2180655.3302820465,2180655.3302820465,2167885.6453993767,2167885.6453993767,45509.80347796744,45509.80347796744,477.96392176616905,477.96392176616905,204834.68186357993,204834.68186357993
251,251.0,14813478.471175693,14813478.471175693,4729.001301424129,4729.001301424129,12158.443347544367,12158.443347544367,2182242.1994055836,2182242.1994055836,2169634.084175317,2169634.084175317,44993.88021702132,44993.88021702132,471.7530042954892,471.7530042954892,205055.16370069075,205055.16370069075
252,252.0,14811974.981542032,14811974.981542032,4666.582250053906,4666.582250053906,11998.854474540009,11998.854474540009,2183808.1299974965,2183808.1299974965,2171359.5817333525,2171359.5817333525,44492.203691847746,44492.203691847746,465.6175215763139,465.6175215763139,205272.79259734947,205272.79259734947
253,253.0,14810491.383074652,14810491.383074652,4604.947432283998,4604.947432283998,11841.246837795974,11841.246837795974,2185353.384944553,2185353.384944553,2173062.422655246,2173062.422655246,44005.930367071545,44005.930367071545,459.55669847969136,459.55669847969136,205487.6028772527,205487.6028772527
254,254.0,14809027.424613053,14809027.424613053,4544.0880634401765,4544.0880634401765,11685.598889639643,11685.598889639643,2186878.2241938403,2186878.2241938403,2174742.888433845,2174742.888433845,43536.362581408,43536.362581408,453.56976396931924,453.56976396931924,205699.62852047183,205699.62852047183
255,255.0,14807582.857844373,14807582.857844373,4483.995427933203,4483.995427933203,11531.889233165972,11531.889233165972,2188382.904775736,2188382.904775736,2176401.257494506,2176401.257494506,43084.9624023847,43084.9624023847,447.6559511989821,447.6559511989821,205908.90316498463,205908.90316498463
256,256.0,14806157.437279977,14806157.437279977,4424.660879580408,4424.660879580408,11380.096623678088,11380.096623678088,2189867.680826988,2189867.680826988,2178037.805216743,2178037.805216743,42653.36644165652,42653.36644165652,441.8144976054499,441.8144976054499,206115.4601082599,206115.4601082599
257,257.0,14804750.920231989,14804750.920231989,4366.07584189393,4366.07584189393,11230.199970030624,11230.199970030624,2191332.8036139007,2191332.8036139007,2179652.8039560653,2179652.8039560653,42243.401674418914,42243.401674418914,436.04464499695104,436.04464499695104,206319.33230889277,206319.33230889277
258,258.0,14803363.06678976,14803363.06678976,4308.23180833666,4308.23180833666,11082.178335878622,11082.178335878622,2192778.521555606,2192778.521555606,2181246.5230660043,2181246.5230660043,41857.102307387206,41857.102307387206,430.3456396373299,430.3456396373299,206520.55238828852,206520.55238828852
259,259.0,14801993.639796285,14801993.639796285,4251.120342546846,4251.120342546846,10936.010940834683,10936.010940834683,2194205.08024742,2194205.08024742,2182819.2289203107,2182819.2289203107,41496.72774077354,41496.72774077354,424.7167323260007,424.7167323260007,206719.1526323924,206719.1526323924
260,260.0,14800642.404824594,14800642.404824594,4194.733078532415,4194.733078532415,10791.677161536958,10791.677161536958,2195612.7224842664,2195612.7224842664,2184371.184935313,2184371.184935313,41164.78167065583,41164.78167065583,419.1571784738044,419.1571784738044,206915.1649934644,206915.1649934644
261,261.0,14799309.13015409,14799309.13015409,4139.061720835882,4139.061720835882,10649.15653263068,10649.15653263068,2197001.688284161,2197001.688284161,2185902.651592421,2185902.651592421,40864.03237909674,40864.03237909674,413.66623817487596,413.66623817487596,207108.6210918956,207108.6210918956
262,262.0,14797993.586746879,14797993.586746879,4084.0980446708822,4084.0980446708822,10508.428747665666,10508.428747665666,2198372.2149117454,2198372.2149117454,2187413.886460761,2187413.886460761,40597.534260333625,40597.534260333625,408.24317627462483,408.24317627462483,207299.55221806516,207299.55221806516
263,263.0,14796695.548224097,14796695.548224097,4029.8338960311544,4029.8338960311544,10369.473659912393,10369.473659912393,2199724.5369018624,2199724.5369018624,2188905.144219938,2188905.144219938,40368.65063232387,40368.65063232387,402.8872624339346,402.8872624339346,207487.9893342357,207487.9893342357
264,264.0,14795414.7908422,14795414.7908422,3976.2611917729473,3976.2611917729473,10232.271283099008,10232.271283099008,2201058.886083163,2201058.886083163,2190376.6766829058,2190376.6766829058,40181.07788389304,40181.07788389304,397.59777118967963,397.59777118967963,207673.96307648494,207673.96307648494
265,265.0,14794151.093469298,14794151.093469298,3923.3719196716784,3923.3719196716784,10096.801792071714,10096.801792071714,2202375.4916017368,2202375.4916017368,2191828.7328189374,2191828.7328189374,40038.87100869668,40038.87100869668,392.37398201166053,392.37398201166053,207857.503756672,207857.503756672
266,266.0,14792904.237561459,14792904.237561459,3871.1581384537444,3871.1581384537444,9963.045523380888,9963.045523380888,2203674.5799447577,2203674.5799447577,2193261.5587766846,2193261.5587766846,39946.47057816974,39946.47057816974,387.2151793560556,387.2151793560556,208038.6413644368,208038.6413644368
267,267.0,14791674.007139063,14791674.007139063,3819.6119778042785,3819.6119778042785,9830.98297579518,9830.98297579518,2204956.3749641343,2204956.3749641343,2194675.3979073167,2194675.3979073167,39908.73120660065,39908.73120660065,382.1206527154831,382.1206527154831,208217.4055692304,208217.4055692304
268,268.0,14790460.188763157,14790460.188763157,3768.7256383517283,3768.7256383517283,9700.594810745892,9700.594810745892,2206221.09790016,2206221.09790016,2196070.490787726,2196070.490787726,39930.95156243055,39930.95156243055,377.0896966657708,377.0896966657708,208393.8257223747,208393.8257223747
269,269.0,14789262.571511852,14789262.571511852,3718.4913916300097,3718.4913916300097,9571.861852703832,9571.861852703832,2207468.967405157,2207468.967405157,2197447.0752437944,2197447.0752437944,40018.905980841046,40018.905980841046,372.12161090952304,372.12161090952304,208567.9308591501,208567.9308591501
270,270.0,14788080.946956765,14788080.946956765,3668.901580019042,3668.901580019042,9444.765089490775,9444.765089490775,2208700.1995670986,2208700.1995670986,2198805.386373707,2198805.386373707,40178.87773365738,40178.87773365738,367.21570031657774,367.21570031657774,208739.7497009094,208739.7497009094
271,271.0,14786915.109139483,14786915.109139483,3619.9486166644306,3619.9486166644306,9319.285672527652,9319.285672527652,2209915.0079332124,2209915.0079332124,2200145.656571306,2200145.656571306,40417.69401355665,40417.69401355665,362.3712749614423,362.3712749614423,208909.3106572161,208909.3106572161
272,272.0,14785764.854548106,14785764.854548106,3571.624985377044,3571.624985377044,9195.404917021551,9195.404917021551,2211113.6035335525,2211113.6035335525,2201468.1155494764,2201468.1155494764,40742.76269053448,40742.76269053448,357.58765015779477,357.58765015779477,209076.641828006,209076.641828006
273,273.0,14784629.98209382,14784629.98209382,3523.923240513194,3523.923240513194,9073.104302093509,9073.104302093509,2212296.194904534,2212296.194904534,2202772.9903635555,2202772.9903635555,41162.11089954589,41162.11089954589,352.8641464901375,352.8641464901375,209241.77100577034,209241.77100577034
274,274.0,14783510.293087546,14783510.293087546,3476.8360068361594,3476.8360068361594,8952.36547084911,8952.36547084911,2213462.988112426,2213462.988112426,2204060.5054347515,2204060.5054347515,41684.42551920005,41684.42551920005,348.200089842686,348.200089842686,209404.72567775942,209404.72567775942
275,275.0,14782405.591216654,14782405.591216654,3430.35597935973,3430.35597935973,8833.170230393778,8833.170230393778,2214614.1867767917,2214614.1867767917,2205330.8825735752,2205330.8825735752,42319.09560235134,42319.09560235134,343.59481142557684,343.59481142557684,209565.53302820466,209565.53302820466
276,276.0,14781315.68252175,14781315.68252175,3384.4759231744524,3384.4759231744524,8715.500551794676,8715.500551794676,2215749.9920938807,2215749.9920938807,2206584.3410032634,2206584.3410032634,43076.25682039228,43076.25682039228,339.04764779847403,339.04764779847403,209724.21994055834,209724.21994055834
277,277.0,14780240.375373535,14780240.375373535,3339.1886732572275,3339.1886732572275,8599.338569991041,8599.338569991041,2216870.6028599525,2216870.6028599525,2207821.097383199,2207821.097383199,43966.83798401709,43966.83798401709,334.5579408916534,334.5579408916534,209880.81299974964,209880.81299974964
278,278.0,14779179.480449753,14779179.480449753,3294.487134264926,3294.487134264926,8484.666583654755,8484.666583654755,2217976.2154945396,2217976.2154945396,2209041.3658323092,2209041.3658323092,45002.609704187904,45002.609704187904,330.1250380246433,330.1250380246433,210035.3384944553,210035.3384944553
279,279.0,14778132.81071222,14778132.81071222,3250.3642803126418,3250.3642803126418,8371.467055002908,8371.467055002908,2219067.0240636356,2219067.0240636356,2210245.357952445,2210245.357952445,46196.23525799856,46196.23525799856,325.74829192249626,325.74829192249626,210187.82241938406,210187.82241938406
280,280.0,14777100.18138395,14777100.18138395,3206.8131547371545,3206.8131547371545,8259.722609564078,8259.722609564078,2220143.2203028104,2220143.2203028104,2211433.2828517277,2211433.2828517277,47561.32372509402,47561.32372509402,321.42706072976665,321.42706072976665,210338.2904775736,210338.2904775736
281,281.0,14776081.409926374,14776081.409926374,3163.8268698462825,3163.8268698462825,8149.416035899972,8149.416035899972,2221204.993640241,2221204.993640241,2212605.3471678607,2212605.3471678607,49112.48546126698,49112.48546126698,317.160708022267,317.160708022267,210486.76808269884,210486.76808269884
282,282.0,14775076.316016646,14775076.316016646,3121.3986066546086,3121.3986066546086,8040.530285284112,8040.530285284112,2222252.531219658,2222252.531219658,2213761.755091396,2213761.755091396,50865.38997681561,50865.38997681561,312.9486028166739,312.9486028166739,210633.28036139006,210633.28036139006
283,283.0,14774084.721525082,14774084.721525082,3079.521614606232,3079.521614606232,7933.048471339108,7933.048471339108,2223286.0179232014,2223286.0179232014,2214902.708388955,2214902.708388955,52836.826288210264,52836.826288210264,308.7901195780532,308.7901195780532,210777.8521555606,210777.8521555606
284,284.0,14773106.45049267,14773106.45049267,3038.189211285023,3038.189211285023,7826.953869634108,7826.953869634108,2224305.636394183,2224305.636394183,2216028.4064263906,2216028.4064263906,55044.76581257952,55044.76581257952,304.68463822537274,304.68463822537274,210920.50802474198,210920.50802474198
285,285.0,14772141.32910873,14772141.32910873,2997.3947821129755,2997.3947821129755,7722.229917243928,7722.229917243928,2225311.5670597493,2225311.5670597493,2217139.0461918954,2217139.0461918954,57508.42787548932,57508.42787548932,300.63154413506896,300.63154413506896,211061.27224842666,211061.27224842666
286,286.0,14771189.185688639,14771189.185688639,2957.131780037143,2957.131780037143,7618.86021227135,7618.86021227135,2226303.988153441,2226303.988153441,2218234.822319035,2218234.822319035,60248.34790345185,60248.34790345185,296.63022814273256,296.63022814273256,211200.16882841612,211200.16882841612
287,287.0,14770249.850651722,14770249.850651722,2917.3937252056808,2917.3937252056808,7516.8285133340105,7516.8285133340105,2227283.075737648,2227283.075737648,2219315.9271097207,2219315.9271097207,63286.44837356422,63286.44837356422,292.6800865429769,292.6800865429769,211337.22149117457,211337.22149117457
288,288.0,14769323.156499233,14769323.156499233,2878.174204633482,2878.174204633482,7416.118739017323,7416.118739017323,2228249.003725955,2228249.003725955,2220382.550557098,2220382.550557098,66646.11259363964,66646.11259363964,288.7805210875513,288.7805210875513,211472.4536901863,211472.4536901863
289,289.0,14768408.93779247,14768408.93779247,2839.466871857898,2839.466871857898,7316.714967294754,7316.714967294754,2229201.94390537,2229201.94390537,2221434.880368359,2221434.880368359,70352.26138715734,70352.26138715734,284.9309389817598,284.9309389817598,211605.88860831634,211605.88860831634
290,290.0,14767507.031131009,14767507.031131009,2801.265446584994,2801.265446584994,7218.6014349168445,7218.6014349168445,2230142.0659584436,2230142.0659584436,2222473.1019874704,2222473.1019874704,74431.43275832014,74431.43275832014,281.1307528792451,281.1307528792451,211737.54916017377,211737.54916017377
291,291.0,14766617.275131075,14766617.275131075,2763.563714326821,2763.563714326821,7121.762536770222,7121.762536770222,2231069.5374852624,2231069.5374852624,2223497.39861781,2223497.39861781,78911.86461347205,78911.86461347205,277.3793808751951,277.3793808751951,211867.45799447587,211867.45799447587
292,292.0,14765739.510404034,14765739.510404034,2726.3555260301046,2726.3555260301046,7026.182825207911,7026.182825207911,2231984.524025322,2231984.524025322,2224507.9512447077,2224507.9512447077,83823.58061609096,83823.58061609096,273.67624649802895,273.67624649802895,211995.63749641352,211995.63749641352
293,293.0,14764873.579535037,14764873.579535037,2689.634797696838,2689.634797696838,6931.8470093521555,6931.8470093521555,2232887.1890792763,2232887.1890792763,2225504.9386578933,2225504.9386578933,89198.47925353493,89198.47925353493,270.0207786996179,270.0207786996179,212122.1097900161,212122.1097900161
294,294.0,14764019.327061769,14764019.327061769,2653.39550999713,2653.39550999713,6838.739954370961,6838.739954370961,2233777.6941305585,2233777.6941305585,2226488.5374738416,2226488.5374738416,95070.42619468333,95070.42619468333,266.41241184409444,266.41241184409444,212246.8967405158,212246.8967405158
295,295.0,14763176.599453365,14763176.599453365,2617.631707874778,2617.631707874778,6746.846680729511,6746.846680729511,2234656.1986668706,2234656.1986668706,2227458.9221580084,2227458.9221580084,101475.35001857749,101475.35001857749,262.850585695303,262.850585695303,212370.01995670996,212370.01995670996
296,296.0,14762345.24508945,14762345.24508945,2582.337500145906,2582.337500145906,6656.152363417623,6656.152363417623,2235522.860201541,2235522.860201541,2228416.2650469644,2228416.2650469644,108451.34139512811,108451.34139512811,259.6660913086844,259.6660913086844,212491.50079332138,212491.50079332138
297,297.0,14761525.114239322,14761525.114239322,2547.5070590910855,2547.5070590910855,6566.6423311543185,6566.6423311543185,2236377.834294747,2236377.834294747,2229360.7363704112,2229360.7363704112,116038.75579992033,116038.75579992033,256.52273250111995,256.52273250111995,212611.36035335538,212611.36035335538
298,298.0,14760716.059041282,14760716.059041282,2513.134620041299,2513.134620041299,6478.302065570607,6478.302065570607,2237221.2745746025,2237221.2745746025,2230292.5042730854,2230292.5042730854,124280.31984611007,124280.31984611007,253.4200171645095,253.4200171645095,212729.61949045354,212729.61949045354
299,299.0,14759917.933482105,14759917.933482105,2479.214480958101,2479.214480958101,6391.11720037151,6391.11720037151,2238053.3327581026,2238053.3327581026,2231211.734836543,2231211.734836543,133221.2413173679,133221.2413173679,250.35745800279656,250.35745800279656,212846.2988112427,212846.2988112427
